Time,South of Market,North Beach,Nob Hill,Mission Bay,Russian Hill,Tenderloin,Financial District/South Beach
2008-05-17 00:00:00,,,,,,,
2008-05-17 01:00:00,,,,,,,
2008-05-17 02:00:00,,,,,,,
2008-05-17 03:00:00,,,,,,,
2008-05-17 04:00:00,,,,,,,
2008-05-17 05:00:00,,,,,,,
2008-05-17 06:00:00,,,,,,,
2008-05-17 07:00:00,,,,,,,
2008-05-17 08:00:00,,,,,,,
2008-05-17 09:00:00,,,,,,,
2008-05-17 10:00:00,0.8049305841908609,0.8305649964467927,0.8299288912239122,0.7235530237368517,0.8662872033019849,0.903373630091916,0.8638619560324681
2008-05-17 11:00:00,0.7822499857231088,0.8883105854019848,0.8864580123582193,0.9983695186072041,0.8797743199786818,0.8337016531586403,0.8852214067174504
2008-05-17 12:00:00,0.8049551199152574,0.88175087347808,0.8706417703385353,0.875716890487247,0.8395824454566312,0.8483777517762172,0.841650151450635
2008-05-17 13:00:00,0.7884763776668179,0.8474285130499418,0.8545243988058607,0.8557266760177318,0.8567039616681115,0.8965089778293014,0.8319776967698912
2008-05-17 14:00:00,0.8504900743797648,0.8895266833080627,0.855545199583709,0.8057464695950373,0.8846723094290482,0.872468737320666,0.8462675959827238
2008-05-17 15:00:00,0.8531031403199202,0.8329049515279181,0.8367197993019575,0.9871841109099386,0.8532053213732419,0.8638054764611889,0.8146727005707493
2008-05-17 16:00:00,0.8426485363908612,0.7988848629146915,0.79088546030676,0.8698068371854535,0.8456221588525394,0.8471786885549093,0.7916081743073476
2008-05-17 17:00:00,0.8584599410542609,0.7709271766967425,0.7983599463766426,0.9911444297100448,0.8224571357796483,0.8277976343273187,0.7978921316224507
2008-05-17 18:00:00,0.8336522549653308,0.8112995360748182,0.7763540648956256,0.8076934805987058,0.815383486612471,0.7554366632012709,0.7822985588061316
2008-05-17 19:00:00,0.8296208330730315,0.8082927915664749,0.8001434242737377,0.9303286330569978,0.7906915003928741,0.7723325316262853,0.7951041686836712
2008-05-17 20:00:00,0.807290774492437,0.7387257292653292,0.7818976621233871,0.9573539313234836,0.7898550178400751,0.7669786915475535,0.7868892244125391
2008-05-17 21:00:00,0.8139822591267881,0.7581288600472783,0.8047488650451452,0.8370414450611141,0.7766003900096825,0.7810309839065566,0.7702756499030754
2008-05-17 22:00:00,0.8039401217132416,0.7615948164528008,0.7855847272984364,0.8191833506113642,0.7055312702008898,0.7883871296050261,0.7759486268663367
2008-05-17 23:00:00,0.8196010795261038,0.727182652004972,0.7919667893540037,0.7248320331903044,0.7332393542872939,0.7797889371288909,0.7817084845471028
2008-05-18 00:00:00,0.786590782519802,0.7685166336049525,0.8038674519348241,0.6849611154614984,0.7408169548855469,0.7809017732077732,0.7766188573407629
2008-05-18 01:00:00,0.8297160009469208,0.759342439932193,0.7908221360907068,0.7690121607356644,0.7372177986428659,0.762002656454205,0.8037541512495434
2008-05-18 02:00:00,0.8262689288176066,0.7390705675146254,0.793186467309664,0.7770284685421519,0.7598648225821317,0.7368495404016967,0.7906337975632063
2008-05-18 03:00:00,0.8343366119880744,0.7890937619327401,0.7984875339303498,0.8319820420271652,0.7900985010325767,0.7899936067435456,0.8025664367351475
2008-05-18 04:00:00,0.8396397477404766,0.8167434273774751,0.7915416132591508,0.7195188406321519,0.8131068658950849,0.8212736487684695,0.7946132542793357
2008-05-18 05:00:00,0.8428119585386407,0.7787093171299664,0.8033968531865249,0.8542645010141211,0.8352292536536143,0.7758221985763921,0.8251711877221317
2008-05-18 06:00:00,0.783609146980188,0.8275043460591331,0.8226990456472928,1.0626021368769092,0.814224168279813,0.8085913818557148,0.8446130714527074
2008-05-18 07:00:00,0.8430581692300184,0.7920263932875881,0.8394369157400371,0.8677843861689556,0.8286316066660971,0.8394355867531945,0.8503520249712756
2008-05-18 08:00:00,0.8295404777180013,0.7789558013534639,0.8786799499539201,0.8344461816078556,0.9055807750023546,0.84340646446746,0.8564622276092703
2008-05-18 09:00:00,0.8359769073612103,0.8266642419261481,0.8991698495134367,0.8503499574746878,0.9042241177175019,0.85132260114966,0.8945674552490619
2008-05-18 10:00:00,0.816557452404494,0.8867858565837108,0.8673274491767179,1.060630775903011,0.8253049496288145,0.8872788994828299,0.8738158341672153
2008-05-18 11:00:00,0.8142785441323285,0.7849220475789728,0.82664383935052,0.7922143966306854,0.9656530455543951,0.8682510847477395,0.7876320981421377
2008-05-18 12:00:00,0.853024163894314,0.9238262802256232,0.8770931988002606,0.775756445009895,0.98439197092493,0.925691507569251,0.800146826214213
2008-05-18 13:00:00,0.8153758456330595,0.8775725041381972,0.9015827465948759,0.733501965585885,0.8508383677099616,0.8690436148366032,0.8386797244449306
2008-05-18 14:00:00,0.8112758892626958,0.8732687436311424,0.9086679830609311,0.8097241026943067,0.9157627727534883,0.8979446185615457,0.7791812506511088
2008-05-18 15:00:00,0.7313755050179084,0.8928858080131921,0.9026010104018912,0.9393545662466684,0.8879419092518753,0.831528798815459,0.7636286810963286
2008-05-18 16:00:00,0.6680703741812877,0.8696490535501226,0.8739868027554428,0.5978824848977485,0.8307726509961524,0.7633557137724365,0.7091831775004197
2008-05-18 17:00:00,0.6001427128516134,0.809970592519579,0.9034382063706904,0.7426669240529682,0.8311423770963956,0.7703261161951687,0.7258917371890012
2008-05-18 18:00:00,0.8498495754323305,0.7876186832304027,0.8067721562662548,0.9609665881646752,0.7658807452271397,0.7794255028242698,0.8207227306415652
2008-05-18 19:00:00,0.8456546418419029,0.8045530291736551,0.7869602625306024,0.8868251634216406,0.8251653694436761,0.8278089741467382,0.7979178672635238
2008-05-18 20:00:00,0.8531935866567051,0.752039846214084,0.7775622101432869,0.7595967665388879,0.8057872929593692,0.7848408462287626,0.8138642754951759
2008-05-18 21:00:00,0.848668176192788,0.8090353179770877,0.7751274703956431,0.7987094901522194,0.8114442915179366,0.8156760894236212,0.83924172429123
2008-05-18 22:00:00,0.8535192758898978,0.7985939827375368,0.7753934458338044,0.7247143673440409,0.7935869798489146,0.8305013493612691,0.8359605801315215
2008-05-18 23:00:00,0.8515873554026167,0.7114128848967074,0.813930303691597,0.6665663486997376,0.7922022379246584,0.8508466603191853,0.8285785569620503
2008-05-19 00:00:00,0.8239656849085737,0.7776662305806429,0.8018252270311748,0.8133074261420549,0.8045204073082162,0.853358399141952,0.8129733105707717
2008-05-19 01:00:00,0.8171577409902486,0.8140213402693711,0.8082020280898511,0.8580741793487836,0.8124535737330236,0.8248389647834089,0.8386206399758093
2008-05-19 02:00:00,0.8486283653718368,0.8455451285479507,0.8224712862946328,0.8733926670884433,0.8570657997451838,0.8398040339458894,0.8431708829110259
2008-05-19 03:00:00,0.8432304509487059,0.79516976393195,0.8186007270725947,0.8665591847899954,0.8200356533088957,0.8286398379265184,0.894958200303286
2008-05-19 04:00:00,0.8297732965433837,0.8358039453169633,0.8303928343466119,0.8484520079804593,0.8159442327779232,0.8522466856755744,0.8442997797818423
2008-05-19 05:00:00,0.7928617609664285,0.8324025270205047,0.829509473755034,1.015544742884474,0.8108943688552912,0.8342215362081612,0.8947710273451815
2008-05-19 06:00:00,0.8508292891069495,0.9312132304567764,0.8211014800322787,0.893326062548738,0.8734585631229238,0.8542144910500931,0.8637677288093971
2008-05-19 07:00:00,0.8610278249683174,0.893742317402166,0.8153201739112559,1.066353405704146,0.8572976906121481,0.8613175422860979,0.8756974305085897
2008-05-19 08:00:00,0.8533268469391871,0.8538688959100725,0.8913605377018857,0.8844813688524709,0.9135735904788229,0.9122456634364087,0.909802216338827
2008-05-19 09:00:00,0.7991106154905723,0.7086374664552894,0.8632980068061009,0.730632007433122,0.9725019007658372,0.9406287880016672,0.8285989513451507
2008-05-19 10:00:00,0.7932981380087121,0.8515151226650518,0.8665778534687716,0.8680956234255944,0.9862773718404074,0.8803012672829419,0.8502983476658549
2008-05-19 11:00:00,0.89468498150498,0.8670030127389362,0.8573832761357749,0.7990165534114426,0.7932285489321536,0.8780739685980375,0.8791762875006125
2008-05-19 12:00:00,0.841603676845925,0.7671946413486234,0.8871636352911548,0.7387231842608281,0.7853646504977614,0.8422649780068183,0.8012353078324201
2008-05-19 13:00:00,0.8458828264578652,0.8228045001230674,0.8883442967817072,0.7575279921882321,0.8005022367485315,0.8295438572301858,0.8207723710140606
2008-05-19 14:00:00,0.8392250365703692,0.7798861814925668,0.8183296342881868,0.8302514369700441,0.8038243097320871,0.8413723621484445,0.8186710656175071
2008-05-19 15:00:00,0.8117666563927589,0.813902242233223,0.8181203229022856,0.8000762958805134,0.7740575610964007,0.7608617363904957,0.7751627126980332
2008-05-19 16:00:00,0.7698609714470434,0.8373584704492965,0.8176432071931902,0.8139092006277038,0.7958080710487044,0.7693362565716619,0.7579712866533517
2008-05-19 17:00:00,0.8157913283353386,0.7763277897039481,0.7821777478650245,0.7966057332777453,0.8031090752976061,0.7710544247545253,0.7752443947424358
2008-05-19 18:00:00,0.8394907638872684,0.8171713162430602,0.7491759251903751,0.7965438657863421,0.8160905628398171,0.7932976761290549,0.78144645388772
2008-05-19 19:00:00,0.8066543802850616,0.7681939262164668,0.7836349075111501,0.8454926003359448,0.8364960180993525,0.7770827596414671,0.7926846600413863
2008-05-19 20:00:00,0.8221554826251936,0.8060655157322204,0.7914005745444866,0.8765236833974398,0.8082879222849046,0.7501147321284579,0.7880198594136063
2008-05-19 21:00:00,0.8124971084032669,0.76193864829275,0.800829618536129,0.7570236295225052,0.8341167998477523,0.7662554805547898,0.7815924951527998
2008-05-19 22:00:00,0.7667844854344146,0.8017282773948304,0.7811311623257229,0.7542393791830855,0.7881772804822337,0.7843043539221556,0.8008877148023787
2008-05-19 23:00:00,0.8194337776795604,0.8389063125833585,0.7996446864124519,0.834530912657866,0.7891444308968011,0.7862612585379192,0.7774262085207685
2008-05-20 00:00:00,0.7746421684242588,0.8022828488941355,0.7947931660250327,0.8339834143600142,0.8270189273839001,0.7892320144942868,0.7484636497522507
2008-05-20 01:00:00,0.8162452139267822,0.7698579570431979,0.8284068009422176,0.8754071719170337,0.7687966530762227,0.8536399505808869,0.7840715026105015
2008-05-20 02:00:00,0.8124291978382852,0.8906483335118359,0.8339347954867206,0.8196037398470545,0.8440751730590094,0.8876643150195207,0.8478978021349409
2008-05-20 03:00:00,0.8326897467114357,0.9063113501918048,0.8304103432895201,0.9958456882780152,0.8094941979414059,0.8595992887772462,0.8514890005512371
2008-05-20 04:00:00,0.8422635820241379,0.8691468504840575,0.8321665685956825,0.7323113940544862,0.8524234500678107,0.8513244167659056,0.8645408415005966
2008-05-20 05:00:00,0.8350413339274215,0.8988941107490948,0.8657102212217955,0.7718148728123733,0.8382329684123625,0.9335867724753992,0.8540213987261043
2008-05-20 06:00:00,0.8553729355907095,0.8853831378966313,0.832516844971078,0.9003040715294032,0.8384452486988506,0.8565101182853773,0.8602182204747579
2008-05-20 07:00:00,0.8010323518106354,0.9965420353038547,0.8210869880364768,0.8445812205177281,0.9175123152913736,0.8886724874704066,0.8780822336332228
2008-05-20 08:00:00,0.8619823377578374,0.8085493641747551,0.8890272274416328,0.7319725025746067,0.9048786282402597,0.8783464903388866,0.8634076434691835
2008-05-20 09:00:00,0.8610765597827488,0.815514642080284,0.8992126921635973,0.850046326896206,0.8826443610638312,0.8843383108689613,0.8027274038426917
2008-05-20 10:00:00,0.8971946504732742,0.7460328243610445,0.9167194415751093,0.6200410097801805,0.9155899623321504,0.9238998412200431,0.8670006210487429
2008-05-20 11:00:00,0.9004685888113181,0.8235861189898507,0.9479404388617547,0.9151785241153886,0.9051010823003343,0.8363061649954631,0.8104223817747863
2008-05-20 12:00:00,0.9465709140303205,0.7347742219685485,0.8444579397018287,0.7940620906778931,0.8274685865614831,0.8799565013723327,0.8322997581089597
2008-05-20 13:00:00,0.8928054834222003,0.8107096506262936,0.8122295239152874,0.9232777880490468,0.83672330226963,0.9049978621041546,0.8339978129390209
2008-05-20 14:00:00,0.869538213583653,1.1364802187928218,0.793302116946472,0.7754577733353314,0.8090648554850076,0.7966053972348748,0.7060977393331516
2008-05-20 15:00:00,0.8312031138734178,0.8208709722907728,0.6685877980889413,0.6835380541773864,0.7084441793055732,0.804136633224952,0.7665507361805921
2008-05-20 16:00:00,0.8073101440637995,0.8134758676503222,0.7454664511314585,0.8087313668764872,0.80724036277887,0.7787306349310165,0.7548428583368377
2008-05-20 17:00:00,0.8211047093211963,0.8023110758970522,0.8026062064277358,0.9080393867012625,0.8229514505801754,0.8040740425460536,0.7801167316846958
2008-05-20 18:00:00,0.8310673183242743,0.7935002080087051,0.8296091246560999,0.832055595343318,0.8016630345583358,0.7816593969104634,0.7825957234223974
2008-05-20 19:00:00,0.7751057968459635,0.8479582781389626,0.8050717360227023,0.8688897184502927,0.8010495682506608,0.776147285748674,0.7637954502890945
2008-05-20 20:00:00,0.8249121809384303,0.7942581119985228,0.8367312996371282,0.7337885281725111,0.8297054502194386,0.7866556848380398,0.7687027591657615
2008-05-20 21:00:00,0.8170588371052943,0.796769768247673,0.7777284338651242,0.894983666404131,0.8166124892261442,0.7809541775717077,0.7916783233189689
2008-05-20 22:00:00,0.7586682877648221,0.7936748137743849,0.7779330968118369,0.8121119558478476,0.8388933058112026,0.7530349207724759,0.8022627090044343
2008-05-20 23:00:00,0.7731655804459933,0.8187642072614012,0.8150565964323169,0.7885650163829051,0.7389618428151608,0.7666997753621049,0.7633138733071406
2008-05-21 00:00:00,0.7813619974272195,0.820368677323508,0.7804471894493006,0.721566823554177,0.7488896793010285,0.7638418310916156,0.7377415193158922
2008-05-21 01:00:00,0.8457129298369783,0.8095075176088142,0.7821948597539823,0.7833554810808947,0.788475641085591,0.7928907343771651,0.7275546262902756
2008-05-21 02:00:00,0.8251492457358007,0.8344898099462027,0.8582816546166041,0.81454370944105,0.8033140191223418,0.894363405922823,0.8389547667296199
2008-05-21 03:00:00,0.829788161913477,0.832312168923734,0.8782862896925023,0.7832719813381331,0.8186411737156046,0.8606601112700711,0.8655622789527156
2008-05-21 04:00:00,0.8303004062214864,0.8504663881383284,0.8471030934977276,0.9529395217900204,0.8468830643778689,0.8315011296422552,0.860264671422901
2008-05-21 05:00:00,0.8223593143784247,0.897926070571098,0.876118135653399,0.9139418828881678,0.8389371947009918,0.8084931981634131,0.8606063368516926
2008-05-21 06:00:00,0.7944334150751762,0.9364882069888331,0.8639586012292125,0.9483559915757181,0.869656198665059,0.8502964123465219,0.8636108877272265
2008-05-21 07:00:00,0.9122113642744895,0.8637447368752218,0.8619216819504347,0.7850939004788872,0.8899473428063825,0.912543965234365,0.893415082453672
2008-05-21 08:00:00,0.8155005309849471,0.8769141204878759,0.8832140185562897,1.0623715158585598,0.8871971004303593,0.8570742447830606,0.8531060166124181
2008-05-21 09:00:00,0.8144565088190253,0.8535021194414304,0.890131922078093,0.9275920634220215,0.9155505686427796,0.8484227055773205,0.8154252702715584
2008-05-21 10:00:00,0.8954353074725756,0.9238798759100959,0.868737740038263,1.3977470964272465,0.8941938616784999,0.8390449578615667,0.841586619135175
2008-05-21 11:00:00,0.8040048496752648,0.7923604856217681,0.871513583081843,0.8556137612345092,0.8374873187145698,0.9866752282458668,0.8683088894675987
2008-05-21 12:00:00,0.860559182584679,0.8326785690026438,0.8746122103118545,0.9665238768703117,0.9084078183567396,0.933793064459986,0.838313214507187
2008-05-21 13:00:00,0.8164871111238292,0.8498673279445275,0.8914540024169277,0.9495787862492143,0.8429600688927076,0.9089809544620144,0.8314460316183502
2008-05-21 14:00:00,0.7996861207983909,0.8144070546073587,0.8137013038942529,0.7745901656961993,0.8053966485150862,0.8254925766341229,0.8005524584485932
2008-05-21 15:00:00,0.8024977411887938,0.8384621411454746,0.8024846931218718,0.8373110267617079,0.7567988227338471,0.7606740982372127,0.7828959415003786
2008-05-21 16:00:00,0.7989666922545312,0.8042337401586278,0.8046205709139668,0.76399215904768,0.7869133095493738,0.7871797610599217,0.7537114721621565
2008-05-21 17:00:00,0.8189196457411831,0.7877810154484786,0.8097866086983444,0.9345895994786797,0.864214588235863,0.7736834794518892,0.7421841722242839
2008-05-21 18:00:00,0.8105313407356038,0.8059191351209796,0.7887284363455253,0.7253294441910144,0.8540148949671742,0.7772975834289059,0.76107497528416
2008-05-21 19:00:00,0.758597741716144,0.8139219777535702,0.7994855523142878,0.828106591598813,0.9052761837822122,0.7344038656655851,0.8109008210216841
2008-05-21 20:00:00,0.7867170980844159,0.7911684707336056,0.8202713582738212,0.7989226119860057,0.817519532730362,0.7718673521523591,0.7790348849665865
2008-05-21 21:00:00,0.7880968358828307,0.8389317609700532,0.8108713239012783,0.8600604634540523,0.80746671834669,0.7714181127787183,0.77988650191449
2008-05-21 22:00:00,0.766183338396582,0.8278542508052352,0.7536924732114678,0.8622311556879295,0.7867314760561304,0.7591507861917027,0.8056864868820264
2008-05-21 23:00:00,0.8016561970395526,0.7564061136965846,0.7879375837323239,0.8769363813908132,0.8201101316225554,0.7837251030726072,0.7387610723546559
2008-05-22 00:00:00,0.7560789745150752,0.7909091472556755,0.7781134130362399,0.7907016832377265,0.7905523942979541,0.7657877679676078,0.6656045496110568
2008-05-22 01:00:00,0.7939163695894528,0.7873678726260103,0.8038735726673938,0.6871606338175232,0.7767713685928734,0.771107472115308,0.7354804805295146
2008-05-22 02:00:00,0.8591061441240956,0.8063246598802424,0.8310946570829854,0.8603277723780169,0.8303739038124976,0.8544246036958721,0.8051671478670955
2008-05-22 03:00:00,0.8264778224570396,0.8423243121478216,0.8544012005341628,0.7994720418409726,0.7975350626602534,0.8351580281344416,0.8456645982765717
2008-05-22 04:00:00,0.8139263100504012,0.8612441403019824,0.8340635415242128,0.886020488933147,0.8329687496680234,0.8259430246838916,0.8246761052004837
2008-05-22 05:00:00,0.832560295722914,0.8617735156248969,0.8494512200471693,0.8460040508920667,0.8301917837748155,0.8354912641064709,0.8014346982277977
2008-05-22 06:00:00,0.8602924021797981,0.8598412966974714,0.838160418084688,0.727393791588908,0.8625987876618653,0.8766430073873008,0.8683901000140317
2008-05-22 07:00:00,0.8403853317006307,0.8879421659003716,0.8712777669113094,0.9083015012824205,0.8479824110658517,0.9152163084400584,0.8806812061222948
2008-05-22 08:00:00,0.8499252921009857,0.8656480876888358,0.886154420864638,0.8620519471515763,0.9017314126162198,0.8822261906952179,0.8341476895204814
2008-05-22 09:00:00,0.8335749356650767,0.8510053899763614,0.8782624924214999,0.9027983682042546,0.8607536950954572,0.8904521613347153,0.8369439829841554
2008-05-22 10:00:00,0.832595591335785,0.7891520966071065,0.7845101604694301,0.7357052028619104,0.8758717005161534,0.9018166560927654,0.8721950493388768
2008-05-22 11:00:00,0.7839233426651927,0.9137571930068474,0.8810007561675836,0.8600701084802266,0.9268566284322038,0.8144326443847727,0.7766577332266864
2008-05-22 12:00:00,0.8623669666506474,0.8173561130355196,0.9419152655854484,0.8270604946861914,0.8987843718897064,0.8663894493052663,0.8285672883799922
2008-05-22 13:00:00,0.8437747889626466,0.8712486656407605,0.8972731814679952,0.7794338329225753,0.8783978406668088,0.8051286534990605,0.8016814478839012
2008-05-22 14:00:00,0.8204148092672016,0.8604191533558001,0.8188605098412454,0.7234120689240383,0.8312605883282679,0.8118778214104295,0.7865800954459629
2008-05-22 15:00:00,0.8139467242411023,0.786646532673201,0.7782536079360878,0.7149738331359287,0.7749478277717227,0.8011486274734106,0.7555606447264795
2008-05-22 16:00:00,0.7928952327631862,0.8182957200602724,0.7828310565064698,0.6915230097000438,0.8440100967193395,0.8002904707834475,0.7510511100475992
2008-05-22 17:00:00,0.7968632755003031,0.819742164920019,0.7550190180182058,0.7550180519298206,0.8296898409833077,0.7810458998403826,0.7768275315789953
2008-05-22 18:00:00,0.7802258414045864,0.74758067327321,0.8019594810688203,0.7479003776046151,0.7946337125407008,0.7655592523996033,0.7711450973789564
2008-05-22 19:00:00,0.8203918108811027,0.8485691864901242,0.8190780832209548,0.7901039656552475,0.7880380288862823,0.775483248536649,0.7773445403309632
2008-05-22 20:00:00,0.8026016990043613,0.794271010266316,0.8184347286496217,0.8449286386932833,0.7787268925709229,0.7437663530324344,0.764558412818841
2008-05-22 21:00:00,0.7751430511637258,0.7734424983806808,0.8165591605831668,0.8080438032873924,0.8254781975050253,0.8098399819416012,0.765586122250447
2008-05-22 22:00:00,0.7830305784222976,0.8285072220812082,0.7552935903287422,0.8107120846046194,0.7841935166218744,0.7853117041910703,0.7406297015912587
2008-05-22 23:00:00,0.7786792327663673,0.7750916890387353,0.7727597336706602,0.8210033198227628,0.792453553810496,0.7282049225968356,0.7448714171332016
2008-05-23 00:00:00,0.783884949705865,0.7894565027148671,0.7818761191198856,0.8603533875566319,0.7315310577963503,0.7449942064328602,0.6783761972331769
2008-05-23 01:00:00,0.8351500336107827,0.748311968018583,0.7527528462848389,0.9705764083710336,0.7903268626251143,0.7874387566327457,0.7387696678200028
2008-05-23 02:00:00,0.8337856323954138,0.8194721499370147,0.7917185912702001,0.9639833006234727,0.8140062344022734,0.8233880543383784,0.802028351359696
2008-05-23 03:00:00,0.8644415558554963,0.8558074309289021,0.8020488969993036,0.8883451668415444,0.8147995749679234,0.8292791824085131,0.8657823988407123
2008-05-23 04:00:00,0.8509833453266564,0.8409690284987416,0.8620630940617883,0.8267062742292892,0.8220356224517219,0.8408099250395072,0.8405133171228222
2008-05-23 05:00:00,0.8266651018675513,0.8555200203745138,0.8511138342928795,0.7944787651827986,0.8473271172601385,0.8731867121592828,0.8636542062113306
2008-05-23 06:00:00,0.8285970620561685,0.8785312928371047,0.8685944981674314,0.737544881364244,0.8712114406035949,0.8707694001612378,0.8235626392201684
2008-05-23 07:00:00,0.8225917522159998,0.7697615369675025,0.8419930337173671,0.944178522847407,0.8420212305244013,0.8802694984351329,0.8849741189656082
2008-05-23 08:00:00,0.837140132985528,0.8963962792113563,0.8774299683941852,0.8946331483503669,0.8578505829594705,0.8931173858276289,0.8894251701924595
2008-05-23 09:00:00,0.8271684311434353,0.8749676260956648,0.9108705059365169,0.9137061979898451,0.8222300243490962,0.9327016635655702,0.8177606762417247
2008-05-23 10:00:00,0.8294251560792734,0.9002100797072646,0.8950331422295273,0.9726380284109564,0.8453931654558896,0.8952053056548573,0.8999050691557916
2008-05-23 11:00:00,0.8800767379676763,0.8559691553651364,0.9165071762425198,0.797251816653406,0.8369039442174384,0.8446004505424569,0.7715654803508833
2008-05-23 12:00:00,0.8203285882754605,0.9645645476635105,0.9094104631716537,0.7940584041411161,0.8291296396065685,0.9387058505049577,0.815544973205872
2008-05-23 13:00:00,0.824083775097796,0.8749283954731104,0.9010148045952624,0.9407529208756469,0.8447451671202363,0.835528744436016,0.8498001232163925
2008-05-23 14:00:00,0.8111921776429967,0.78825677576231,0.8458056680579099,0.8003522695469092,0.8568544774422853,0.8176230577486877,0.8012782424391273
2008-05-23 15:00:00,0.7868927417737378,0.8936666975068597,0.7641931231779197,0.8641860553795087,0.7247284647105621,0.8101970569088329,0.7592278980139168
2008-05-23 16:00:00,0.8117021833185041,0.8553033941245023,0.7906576291225099,0.8568360274264903,0.7892118523443685,0.7941009703604912,0.7932848274696997
2008-05-23 17:00:00,0.8057208512304794,0.7926479430191012,0.7605589255801669,0.8047090593038305,0.823508516063099,0.7720600999031246,0.7696161412065795
2008-05-23 18:00:00,0.7566695711774261,0.8228360848414019,0.7984469337463385,0.7634242423458333,0.8096950189188067,0.745817494513942,0.7552156221155316
2008-05-23 19:00:00,0.8503574373553202,0.78068768081782,0.8258820461731474,0.7574874030562497,0.8281107765744641,0.7572490704607772,0.7707227787228815
2008-05-23 20:00:00,0.8082657593879616,0.7897551093469151,0.7985855111278539,0.7639860880340091,0.7988596337846258,0.776563320270815,0.7502507020647589
2008-05-23 21:00:00,0.758200012426564,0.7821225165643482,0.7427354058006199,0.8037736676321061,0.8232122320503046,0.7413402445593088,0.7678209570931607
2008-05-23 22:00:00,0.7771310179427519,0.751638947572168,0.7737237005374915,0.7896705492307717,0.7587587501568901,0.7161997528104791,0.7450759552311653
2008-05-23 23:00:00,0.7655657183175213,0.7689028903047301,0.7184835121198084,0.8346776924810948,0.7893031585690697,0.7137149682708707,0.7267627019685262
2008-05-24 00:00:00,0.7725639170430142,0.769234748538473,0.6665685159727867,0.766377917465693,0.7464509480270931,0.7635394609209841,0.7410180641106408
2008-05-24 01:00:00,0.8207685146115207,0.7760722947280889,0.7318060444234894,0.8383373951372404,0.7798208090878367,0.8160683533027638,0.7680218500225234
2008-05-24 02:00:00,0.8183932552703428,0.8255049562604436,0.7944242160458399,0.9954630140421334,0.8277419771461453,0.800926532854443,0.7976427570561173
2008-05-24 03:00:00,0.8291235249751543,0.8630099268838407,0.8434603183793093,0.8060255091758336,0.8093880957871091,0.787834229718273,0.8386153737002573
2008-05-24 04:00:00,0.8040002878921348,0.8678658932049098,0.809614662473687,0.8701392071514272,0.8367792684660663,0.8205975889779207,0.837291126083047
2008-05-24 05:00:00,0.8287377483422076,0.7847613404195981,0.8112024022328611,0.877867579434452,0.8296588615547134,0.7825001925886453,0.830685236691404
2008-05-24 06:00:00,0.7958803649863767,0.8304578823180303,0.8233080880354792,0.8025586955484522,0.8331749011086033,0.8092760448588727,0.8425180135424741
2008-05-24 07:00:00,0.8677224811090203,0.7945269676201302,0.85599678748778,0.9567385337912185,0.8731450363763544,0.8290935601887407,0.8772548410664863
2008-05-24 08:00:00,0.8432995190304156,0.7599419216257521,0.8683572128089433,0.8310624041926798,0.8646101380219471,0.8928052087024123,0.8712615019472291
2008-05-24 09:00:00,0.8419872757021708,0.6879246345449158,0.9009580592586175,0.571343150511843,0.8858567566523764,0.9084863076886076,0.8126875270925125
2008-05-24 10:00:00,0.8309873415997544,0.8809585959253599,0.8646868970870318,0.9784112712632348,0.8229154864292817,0.8319962018170264,0.8624247498248928
2008-05-24 11:00:00,0.8527215648336095,0.7387244955479667,0.9052332988753347,0.9367121426357425,0.8978086086008363,0.893185091876261,0.842968726715694
2008-05-24 12:00:00,0.8264271637821764,0.7580273971568201,0.8727098413920099,0.6650802456204598,0.8715235786515887,0.8791840153699731,0.8787506962265482
2008-05-24 13:00:00,0.8491648745877172,0.9157760199565891,0.8476996323443645,0.8697104663771259,0.8771021091792074,0.8275622803813926,0.888476501148399
2008-05-24 14:00:00,0.8279555919121345,0.9267150384359814,0.877578691758495,0.8999260843811528,0.891714782355034,0.8457561052085659,0.8106355709557853
2008-05-24 15:00:00,0.7723507494301489,0.8847658085159796,0.8186524087961499,1.0762295029658844,0.8163066053660049,0.8092514229770223,0.804720964365174
2008-05-24 16:00:00,0.8047948135694706,0.8247850783005483,0.8284108830818626,0.9427825312203054,0.8330005279312915,0.8016980748439165,0.8120912575093568
2008-05-24 17:00:00,0.8208963055374053,0.8180666979747163,0.832131090927701,0.8530777587989632,0.7887670203848008,0.7797876511277229,0.7341796480573334
2008-05-24 18:00:00,0.8087285176886516,0.806267261569304,0.7954688102012586,0.7879048563475646,0.7979293167328627,0.7681443785468817,0.793207010980772
2008-05-24 19:00:00,0.8243220118938361,0.7888843682255716,0.789782602305315,0.8979834701408659,0.7954712113048212,0.7800921681513059,0.7867575939123796
2008-05-24 20:00:00,0.8239114550565166,0.7457208003401595,0.7891767415003258,0.809431615680291,0.8011319795425053,0.7859894008929571,0.7958412620690375
2008-05-24 21:00:00,0.7883189561459445,0.7244382208476172,0.7591163537068962,0.8983048715874352,0.7773084089106508,0.764921994944233,0.7851199163235903
2008-05-24 22:00:00,0.7727782275052522,0.7478496850119438,0.7821830621522466,0.7714727509214567,0.77018469459664,0.7484395195010471,0.8027073965968834
2008-05-24 23:00:00,0.803920543049335,0.7424632449983974,0.7930097586610801,0.7861888709946571,0.7834821384577499,0.7985238963302138,0.7912896573013481
2008-05-25 00:00:00,0.8492048498850929,0.7448024996743501,0.800728725915972,0.9214908649757206,0.7435962123344151,0.818241074179627,0.7864088676346167
2008-05-25 01:00:00,0.8355332454330875,0.745015663006569,0.7923507902296049,0.8377135149907311,0.7894927199393283,0.7673147045287576,0.8074439415949993
2008-05-25 02:00:00,0.8261271343233888,0.7803660269768578,0.8157604713507158,0.9151643168253013,0.7746523131534192,0.791053412775886,0.7940068341937647
2008-05-25 03:00:00,0.8334120130989696,0.7932695730303773,0.7978675002249368,1.0687564632572921,0.810459348319881,0.7984905207460912,0.813818640126698
2008-05-25 04:00:00,0.8217774597509125,0.746413425232692,0.8296504219767524,0.9364411914141352,0.8542770950408041,0.8021165131696971,0.8393791781516909
2008-05-25 05:00:00,0.8408781490955844,0.8015447540797643,0.8307298903562275,0.8769237803095805,0.8332346492542628,0.7722892433402873,0.8512687131325092
2008-05-25 06:00:00,0.8202709219073508,0.7661394927296792,0.8132450718385,0.9958079075535181,0.8657349209526156,0.8074888021519399,0.8409288954347593
2008-05-25 07:00:00,0.796085395741098,0.8338704404896045,0.8614930126090662,1.0119080302313774,0.8244421329623822,0.8070307752108611,0.8796494056006133
2008-05-25 08:00:00,0.8624968244407424,0.8309190922503515,0.8662249724263583,0.7012793597584198,0.8688214944570369,0.9104173148025664,0.8714824255257986
2008-05-25 09:00:00,0.8522409955022165,0.8088633179671675,0.8534228869752489,1.0145957170584854,0.8772145080591819,0.8705972144230332,0.8954424051320642
2008-05-25 10:00:00,0.831162472376376,0.8022572920486154,0.875279051564784,0.7445368539678002,0.9168999376464163,0.8823438137263105,0.8778242306881854
2008-05-25 11:00:00,0.8481306826072458,0.8609419765495613,0.9015526218823259,0.7562643858320737,0.8548465615652558,0.8506660929080184,0.8867869250502317
2008-05-25 12:00:00,0.8319611524014728,0.7022852200454245,0.8020641875045588,0.7277877329317413,0.8647860054665548,0.8377859391065848,0.8548011630070351
2008-05-25 13:00:00,0.8670884617091105,0.7989852988206108,0.9113842809138732,1.028895604562445,0.9228526550972096,0.8473616245636012,0.79374423174071
2008-05-25 14:00:00,0.8087591970612414,0.8763618697164458,0.8912316398388618,0.7665114975730829,0.853527267129816,0.9013029704334096,0.8036978792118368
2008-05-25 15:00:00,0.8116726538025225,0.84631203668142,0.8480749837557225,0.8030773298057811,0.8630706872675484,0.8396451706568354,0.8276191188072908
2008-05-25 16:00:00,0.8792001680902725,0.8710571378087426,0.8529358361622784,0.7648915959222785,0.8436585973718782,0.877446395491386,0.8338807762968142
2008-05-25 17:00:00,0.8224098713197138,0.8497743048953103,0.828037312194347,0.8867878178747107,0.8456184778905392,0.8037124746957989,0.7940827995122933
2008-05-25 18:00:00,0.8314064942858962,0.7670339321636298,0.8366715177582686,1.109412637995755,0.7956075050668783,0.7856626280496058,0.794748325477206
2008-05-25 19:00:00,0.8466093749477432,0.7576620602032933,0.8002200482882517,0.9968256357872184,0.7864631782867048,0.7692981124156751,0.7775026640412074
2008-05-25 20:00:00,0.8693967207412971,0.7127200239349073,0.8131301721374773,0.8873284798486423,0.7435835802770399,0.7854401904897358,0.7577172124232201
2008-05-25 21:00:00,0.8752872604650355,0.7018278719321972,0.8558967586407641,0.8308595866735493,0.7538872646553944,0.8069337677624653,0.7426194730489722
2008-05-25 22:00:00,0.7973154730483913,0.7091824552143629,0.8231384660805748,0.7271454915770971,0.7367863894623486,0.7541983791412,0.809426412626039
2008-05-25 23:00:00,0.8551242127452454,0.6451724033724456,0.8230854299552988,0.7764523418361655,0.7530415323593447,0.7937480692394397,0.8096892864004439
2008-05-26 00:00:00,0.8241246284497058,0.6752236426635029,0.8009203589365143,0.7510820790789677,0.7657654641256783,0.8139419429014286,0.8260440723202245
2008-05-26 01:00:00,0.8098859671877148,0.7125199187234026,0.8024289498504042,0.8133555430347279,0.7391848252321327,0.8362170989242523,0.8120971381732885
2008-05-26 02:00:00,0.8350436044883333,0.7852550983494583,0.8344350517899812,0.7986806200577156,0.8111216180940882,0.865119636553246,0.8222245851271844
2008-05-26 03:00:00,0.8324851178591558,0.7773887375198739,0.8689066836104189,0.8224834796340419,0.8144380310095176,0.8119956436301236,0.8511584395462057
2008-05-26 04:00:00,0.8388310023140344,0.8272751281698716,0.8558225730989745,0.9301052628739668,0.8165673568756289,0.83872426754289,0.8265355248753933
2008-05-26 05:00:00,0.8338935233185427,0.8330065412613094,0.817770244459903,0.8587503648770716,0.8623505219094294,0.8164365729364077,0.8430348045847803
2008-05-26 06:00:00,0.8427881684824028,0.89662116562533,0.8373102306135828,0.8510399730662085,0.8620920558738053,0.8324606088775383,0.8926000732690849
2008-05-26 07:00:00,0.8487247672239862,0.8741012202204759,0.8722312188710404,0.7268867701274864,0.8853088544624569,0.8947906533212624,0.8742448573560541
2008-05-26 08:00:00,0.8178870234309958,0.8186855585149418,0.8869017789599418,0.8723691982378702,0.8488079344341682,0.8646087323816948,0.86646563523893
2008-05-26 09:00:00,0.8591986161748363,0.9251599188207371,0.8519827836057142,0.7937844847246311,0.8711562503078337,0.9087484917077578,0.8673910356122656
2008-05-26 10:00:00,0.7935889666534192,0.730017226790586,0.8948892357854542,1.1567058916396253,0.9067941095044091,0.8486777354991313,0.9582346607351556
2008-05-26 11:00:00,0.8531804887683739,0.912372421589809,0.9179176823507029,1.1298863884069827,0.9125516562976999,0.8285380480775002,0.8128949024467422
2008-05-26 12:00:00,0.7803778273551953,0.8253032287373395,0.8462207302334064,0.802410557858455,0.7928551900604487,0.8444603160988967,0.8431162053862006
2008-05-26 13:00:00,0.8727044681138852,0.9047123509980413,0.9083530248091276,0.9589735105139738,0.8679152059354819,0.8690528744552842,0.8321589866188621
2008-05-26 14:00:00,0.9142072650733133,0.8511946629984926,0.8395411080430432,1.1729013316703083,0.8579010526614373,0.8259914118377621,0.7897494408869502
2008-05-26 15:00:00,0.7847643796863817,0.8383567280273188,0.8313627637707942,0.8642897500525005,0.8810851511482511,0.8485476341436955,0.8602067972546735
2008-05-26 16:00:00,0.8915653199320771,0.8698637163043269,0.8259357296018737,0.8726203264494151,0.8786248866725531,0.8602227911817032,0.8202843540166652
2008-05-26 17:00:00,0.8434751796874728,0.8345763583289098,0.8082475269120476,1.0760575343851224,0.801034676537402,0.8508313103082186,0.8463142428687471
2008-05-26 18:00:00,0.8452461964671031,0.7621327076829675,0.8347282004790507,0.8980566953789094,0.8489946089827248,0.8884212814784958,0.8052641116904885
2008-05-26 19:00:00,0.8265346403979105,0.8160625905316126,0.7904471262260382,0.8045946017397316,0.7560282302998554,0.843786768340819,0.8292096987726285
2008-05-26 20:00:00,0.8605309482355163,0.7560573833040791,0.8445184072750938,1.0303986130081506,0.8043235916671966,0.7853110716221244,0.8159645548697544
2008-05-26 21:00:00,0.8209512187793436,0.7029481078563545,0.7810133033524168,0.8623520767991815,0.7801069497860547,0.7951310332094663,0.8031537201527105
2008-05-26 22:00:00,0.8197778311905438,0.7595108573714584,0.8210274731118162,0.788350926579293,0.8062466084019897,0.7962685617999474,0.8084392422443911
2008-05-26 23:00:00,0.873111309281472,0.7377225756026504,0.8424203131457019,0.9514022415744624,0.7328249720584031,0.8130471449608355,0.837177665999706
2008-05-27 00:00:00,0.7777363896762852,0.7588503556270197,0.8324859201816769,0.9280702160459692,0.7734802528338586,0.8396757843180661,0.8615061057644485
2008-05-27 01:00:00,0.8484035431839765,0.8021586091679966,0.836510565272078,0.8918427091416345,0.7543115530358431,0.8528120574629211,0.8341959783544148
2008-05-27 02:00:00,0.8547766417210884,0.823405595108464,0.8474016451915165,0.9905163483654137,0.8204948970921254,0.873176171671306,0.8598010084031278
2008-05-27 03:00:00,0.8048781524910407,0.8692081819971564,0.8659075701808915,0.6547746512331014,0.8418713501437441,0.8558429511454346,0.8899270740709112
2008-05-27 04:00:00,0.8495537183853362,0.8951281217327666,0.8912879106893425,0.8041785430107327,0.88296815050969,0.8652951650854976,0.8415618748487481
2008-05-27 05:00:00,0.8511553761471858,0.8614367656646946,0.8279318863718016,0.9738701908058763,0.8534577115154521,0.8914554812145672,0.880487284026646
2008-05-27 06:00:00,0.8248098321286866,0.8413682181288,0.8910311623647453,0.9014850269258913,0.9078716968487145,0.8506958194680774,0.8855400847915356
2008-05-27 07:00:00,0.8224905364837063,0.9382753088040443,0.8499954560754478,0.7690090344475354,0.8282329142572925,0.8574051624697373,0.8958365623145109
2008-05-27 08:00:00,0.8384892705859224,0.8633267531477568,0.8322768427949067,0.9374464640355469,0.8701264538697675,0.8378616810658147,0.8889647325166505
2008-05-27 09:00:00,0.8675131084561792,0.8732721900148511,0.8689592142739005,0.9646223153751396,0.8821040047757499,0.8362577236652922,0.9119728437835615
2008-05-27 10:00:00,0.8775979252862782,0.8111903346736067,0.8744261310054254,1.3276530193586134,0.92093007449633,0.7613039717181997,0.876310707240371
2008-05-27 11:00:00,0.8473819405478801,0.8454775885024185,0.8778963959907153,0.8805370658900215,0.9450631340200791,0.9517103763112565,0.8703938500706877
2008-05-27 12:00:00,0.8410128684414035,0.827920676908202,0.8954551079322874,0.8820624867188337,0.8014733208449872,0.8890462668150314,0.8365982976880988
2008-05-27 13:00:00,0.7752898692487546,0.8811499281351944,0.8476390223840337,0.9399554618317011,0.9070233156658775,0.8284292539871233,0.7891569028592693
2008-05-27 14:00:00,0.8040456578400242,0.8673131377970705,0.8203252163762831,0.8981701938310929,0.8093631230815882,0.8081110651599919,0.8014418754957718
2008-05-27 15:00:00,0.8301971553496816,0.860042079018185,0.7684975660872311,0.894749558607025,0.7692329284317789,0.77465803223736,0.7702095044539758
2008-05-27 16:00:00,0.8101391751042308,0.7826718235267851,0.7893619531070832,0.8638717368943786,0.8068924772182282,0.8228010538565684,0.7604599952901665
2008-05-27 17:00:00,0.8184279796448157,0.7330672752402468,0.8167625964969042,0.7930956462195017,0.8441654101256615,0.8243157040496902,0.8291000155883534
2008-05-27 18:00:00,0.8224559576028088,0.774196227557234,0.7721444254692799,0.8682443345431489,0.8297178488570948,0.794823672006829,0.7651334627249294
2008-05-27 19:00:00,0.7964199724862291,0.810116823440702,0.7945873740831494,0.7488199848216701,0.8013054816205418,0.7879325299651302,0.7589192734756618
2008-05-27 20:00:00,0.8015614298196797,0.8059694116993998,0.8320956498658637,0.797568297321442,0.8383298610873349,0.7959466286568584,0.770599703991033
2008-05-27 21:00:00,0.7871756960655442,0.8022973226244396,0.8015498853337372,0.7883349003671125,0.8767941375629942,0.7717076317375131,0.771995416876487
2008-05-27 22:00:00,0.7698757761143492,0.8121283786390711,0.7310541762670288,0.7475346231254527,0.8151168422007179,0.7650801078526275,0.7644198294491725
2008-05-27 23:00:00,0.8039345780035171,0.837285103742463,0.7954206531821054,0.8350247551991788,0.8049342224099005,0.7875015235724367,0.7771277060960081
2008-05-28 00:00:00,0.7850721154248904,0.7790263658608511,0.7906877629903908,0.8839930935410367,0.7610611336905588,0.777687036667917,0.743261511571563
2008-05-28 01:00:00,0.8214081065108122,0.8435858918703081,0.7597308925888084,0.7834327774350507,0.7862210772955434,0.8003010478260845,0.7680351825682928
2008-05-28 02:00:00,0.8806803991322036,0.8801151760511458,0.7606062185172673,0.7591990594864818,0.8034251823514748,0.8691797000622844,0.8135494885099169
2008-05-28 03:00:00,0.872431157743433,0.840866882273002,0.8435195899449953,0.8624617382802238,0.8640036502560676,0.8629697231452909,0.8813208294867804
2008-05-28 04:00:00,0.8087671533926883,0.8930986751050168,0.8396782904686333,0.907181775681587,0.8085829790157703,0.8392501975992038,0.8669975397332852
2008-05-28 05:00:00,0.8505883525590187,0.8614572082755724,0.8018848522242364,0.862236550402095,0.8456526623265993,0.8758855124702671,0.8681960319240332
2008-05-28 06:00:00,0.861031680876364,0.8893539371162273,0.8719775338862968,0.8208385062735614,0.8791791649915867,0.8463321278139979,0.8631436165966848
2008-05-28 07:00:00,0.845606428148065,0.9300660278873503,0.8242510398467232,0.8075101421647085,0.8965343612706183,0.8545340986082612,0.9040310915494065
2008-05-28 08:00:00,0.839794166654936,0.9328292194557362,0.9143516513458966,0.954168096647094,0.8510471388482269,0.9098327833579674,0.854313415805627
2008-05-28 09:00:00,0.8240122993636315,0.7646445256536014,0.8786191886770368,0.7158271079230552,0.8719037184063048,0.9007948424374232,0.9223088089713294
2008-05-28 10:00:00,0.7949686519135334,0.8486661837730215,0.969894244337551,1.0047981725115815,0.8681007182851537,0.8597953963430681,0.8511991309070247
2008-05-28 11:00:00,0.8970385845839175,0.8034775600224252,0.9352118119370162,0.6592797923192342,0.909264304491709,0.9049853923870114,0.8716991485460558
2008-05-28 12:00:00,0.8734202086725898,0.8492905520853417,0.9116294201126722,0.6876998451867598,0.8845610575287957,0.9482035965669969,0.8149110747530086
2008-05-28 13:00:00,0.8610831018873432,0.8205723331724747,0.8667477896532412,0.78516825261047,0.8432019844288052,0.849308529220641,0.834759230110783
2008-05-28 14:00:00,0.802573086678516,0.8808545873509197,0.8373588202371377,0.7696316477309249,0.8019142886481825,0.838197823753825,0.7936491347680406
2008-05-28 15:00:00,0.7940049697198348,0.7622234475960031,0.7785323743221005,0.747855554323512,0.7710985871010182,0.7730175171988699,0.7708541265988176
2008-05-28 16:00:00,0.8054690924141603,0.8634300911416142,0.8136589687044247,0.7666446854939841,0.7640637518272241,0.7954284009255376,0.7527106944684356
2008-05-28 17:00:00,0.7840769008391305,0.7968057772402494,0.806296059121925,0.7658526531883729,0.8339591605366592,0.7452990789307788,0.7809359064959059
2008-05-28 18:00:00,0.8042122587902995,0.8345757184101532,0.8128200471417324,0.7787334286103568,0.807760784867018,0.7455959962049261,0.7729743109904152
2008-05-28 19:00:00,0.7851729591431714,0.8281911815280344,0.7953474368180922,0.9091991154614276,0.821075646472124,0.7537367864834232,0.7593428807386741
2008-05-28 20:00:00,0.7799395766143784,0.8117686785224835,0.7883001085157878,0.8187799386067208,0.8327399039773768,0.7871442841719276,0.7913428746484524
2008-05-28 21:00:00,0.8204313498145709,0.9057130650147103,0.7670768031994711,0.8346702959738543,0.7793729593923523,0.7425033141294012,0.8023025622886576
2008-05-28 22:00:00,0.8200868225305866,0.7842053316092169,0.7915302332510542,0.8252851588877905,0.7644010989881538,0.725667081575259,0.7781440929732506
2008-05-28 23:00:00,0.7907910302678829,0.8389614046695544,0.8003873751584955,0.8321366390730287,0.8499330245036755,0.7642760027978741,0.7645212325933167
2008-05-29 00:00:00,0.775985281193585,0.7612633441928428,0.772871153791164,0.7589915614410977,0.7738257302245963,0.7870788951633407,0.7365479925348967
2008-05-29 01:00:00,0.8093183592757848,0.8301821992850312,0.7905185096572122,0.8699976406328798,0.764242410098375,0.8087525263426238,0.7398690692996752
2008-05-29 02:00:00,0.8638410965234744,0.8623953471051569,0.8148320267036204,0.7486201355779016,0.8149862088735899,0.8440210732553102,0.8242724232294423
2008-05-29 03:00:00,0.8581662728235827,0.8316439306385679,0.8295627112570869,0.9315529733502078,0.781329077049327,0.8300663199577764,0.8421700594741491
2008-05-29 04:00:00,0.8673913827174917,0.8570528782645477,0.8586644199858775,0.8287263396797091,0.8285146821496417,0.8409603202822784,0.8417868277132186
2008-05-29 05:00:00,0.8599823165435307,0.8535924782647706,0.8517487939251622,0.802194524657861,0.8317876711812267,0.8952832175067611,0.840683865986252
2008-05-29 06:00:00,0.801424557522515,0.9376497632419909,0.8295499997334196,0.8207739984700413,0.8511470696276192,0.8935425126605103,0.864263121111763
2008-05-29 07:00:00,0.8670448501188436,0.9094048260740736,0.8607484890828759,0.8490731120544045,0.8234123145805702,0.8821275662449946,0.8635052036551859
2008-05-29 08:00:00,0.8458113347441056,0.8892639018923967,0.8944477479684646,0.910117420544857,0.8533709661309339,0.8407553581145766,0.8438177227667449
2008-05-29 09:00:00,0.833304042488589,0.7851289443069261,0.9243248378782657,0.6158443199294437,0.9134074939100979,0.8770885887255062,0.8244733807113213
2008-05-29 10:00:00,0.8057839148115349,0.7227695834572668,0.8269731279470361,1.3259412616234107,0.8850708118831148,0.9064806081274879,0.7971035157272124
2008-05-29 11:00:00,0.7907031401251902,0.920941301849624,0.8693430957660873,0.8890290427084737,0.8742241438567205,0.9115693695614001,0.8412440902021763
2008-05-29 12:00:00,0.8692129135690997,0.8629986535420209,0.8938776593411374,0.8721937094589768,0.8499528802840778,0.9156909822395307,0.8107545165484422
2008-05-29 13:00:00,0.8337939220524727,0.8603595844977667,0.8496558521006159,0.7935354782049625,0.8502072570400255,0.8297161218660769,0.8341154963890731
2008-05-29 14:00:00,0.8203086651536594,0.8522197734922284,0.8222982087796713,0.8470626620609844,0.7866872098792361,0.8270639473072188,0.7787585547480571
2008-05-29 15:00:00,0.7735027297370952,0.8394131341871308,0.7629003501653123,0.6569598022047467,0.7809457698677107,0.7248815658785585,0.7667821023907002
2008-05-29 16:00:00,0.8089205677850929,0.8523487168846429,0.8077012052434385,0.8060908082371031,0.7967323937613809,0.7738803491080457,0.7476573627177455
2008-05-29 17:00:00,0.7822214804097356,0.8257509604906119,0.7756456932497116,0.7575535652124514,0.8486070889154534,0.774299264582762,0.7797946656560283
2008-05-29 18:00:00,0.8256284295944154,0.8708944928653175,0.8193467382681945,0.8154754559797197,0.819528946637083,0.7943106008020191,0.7862261255916736
2008-05-29 19:00:00,0.8140374872786825,0.8113933072614911,0.8083165580660406,0.8080214250366912,0.7914597243338276,0.7549453149368036,0.7798025560434024
2008-05-29 20:00:00,0.8271226717596818,0.8203945943835799,0.8047695954068254,0.7888727989709271,0.8452265538152725,0.767322675806983,0.7647860888514791
2008-05-29 21:00:00,0.8135448625774696,0.8376560466847586,0.7561311161560784,0.8438728255916501,0.8367272069547032,0.7914364106216689,0.7506151387552942
2008-05-29 22:00:00,0.7941592887433883,0.8704772519808937,0.7865111023540996,0.7755861503784455,0.8076793281461148,0.786625299582059,0.7877526264167558
2008-05-29 23:00:00,0.8106698260484178,0.7902762377936078,0.7834839208205907,0.8615744242111641,0.8001212580505825,0.7860871663666981,0.789969205097164
2008-05-30 00:00:00,0.7772402799216314,0.7839826645458832,0.77500361918994,0.755096090044715,0.7866659140844166,0.7941932001544693,0.7307176981397324
2008-05-30 01:00:00,0.7985073180422742,0.7810170428701069,0.8084529110108931,0.8134765808577228,0.798816464725981,0.789979496621438,0.7893073159003309
2008-05-30 02:00:00,0.8338268281760183,0.8173451297080885,0.8382369822355571,0.6492163353089389,0.8186987951791457,0.811536241180471,0.8283580552019835
2008-05-30 03:00:00,0.8218279634257446,0.8741304375548277,0.8372386939692819,0.8823631027158451,0.8144964627627278,0.8567788451089791,0.8524206924322827
2008-05-30 04:00:00,0.8067182380879031,0.7920716461218402,0.8536305086351076,0.7856226231773568,0.8813328190123398,0.8313153365415011,0.8333399019232687
2008-05-30 05:00:00,0.8044471550026641,0.8457003126306953,0.8632641851324474,0.7725505971430406,0.8925561808047705,0.8445033105381107,0.8735818409582269
2008-05-30 06:00:00,0.83314570632739,0.9233534670765723,0.826544808004142,0.6984870192205311,0.8634646121514157,0.8769061410061538,0.8653242399553494
2008-05-30 07:00:00,0.8637782270608103,0.899386925974722,0.8948263054293568,1.057069369603177,0.8369790470688644,0.8426463540602273,0.9001956468463366
2008-05-30 08:00:00,0.8120846940658549,0.7800866492214223,0.862113201908929,1.0836386860820968,0.8694719804838549,0.8932851356057497,0.8712792090050784
2008-05-30 09:00:00,0.871218933421111,0.8285102096007926,0.8869641810269924,0.7784318846083339,0.8623336820519919,0.8548471138277607,0.8328373045469983
2008-05-30 10:00:00,0.7941572016145415,0.7757837619664792,0.9513525263521385,0.9988198617684301,0.9141869341027077,0.8718870528374466,0.8598820306215752
2008-05-30 11:00:00,0.7964751890063905,0.7411068531566343,0.8719199712606284,0.8250658925245666,0.8810475074963218,0.8743597197237879,0.8180997997686595
2008-05-30 12:00:00,0.8444333928006926,0.859515555132714,0.8529499352067486,0.9866442891293148,0.8640426636296571,0.8869063800425981,0.8070951667426653
2008-05-30 13:00:00,0.8265555996173871,0.9349025251309232,0.8693362709882003,0.8530698526231096,0.8421960018095473,0.8350792769339758,0.8078440148939913
2008-05-30 14:00:00,0.8231099394843568,0.8733990632804706,0.843471454195051,0.8842405878756651,0.7790352490606256,0.8422103677291111,0.8079896921746549
2008-05-30 15:00:00,0.773506075630693,0.7911927128065042,0.8034200439180231,0.7130623043521737,0.804777657517658,0.8577512583836444,0.7424567773175179
2008-05-30 16:00:00,0.7799694213932747,0.8374047284908812,0.7957130481260214,0.6829595845316627,0.8268853993412545,0.758617115672545,0.7377403784652071
2008-05-30 17:00:00,0.7848698137364165,0.849195558565694,0.7915430784153062,0.744336505560455,0.8313963365724345,0.7950392196236161,0.7711734324505825
2008-05-30 18:00:00,0.7881796169252954,0.8060062730851599,0.79969314466744,0.7701218103117974,0.7933689192102465,0.7433909736428393,0.7680789556343587
2008-05-30 19:00:00,0.7547324350506641,0.7881905897978153,0.791330701830498,0.8131834972699824,0.8329032888952855,0.7593080218018853,0.7420563318913109
2008-05-30 20:00:00,0.7952783865737084,0.8120214716551558,0.7678746941234041,0.9476535823963249,0.8068743047419209,0.7132675392993737,0.7245255205474136
2008-05-30 21:00:00,0.8041567586698851,0.797763146421709,0.7964154121786067,0.7916288305930983,0.7787569596556987,0.7303616251898186,0.7579475113161571
2008-05-30 22:00:00,0.7447359155193246,0.8876877410451791,0.7227747240386357,0.9080694926260254,0.7883595390244525,0.7225141389678739,0.7548590129355109
2008-05-30 23:00:00,0.7117877082124157,0.7728047339132077,0.7904303285055796,0.7593356056590163,0.7594730330311625,0.7278363477387212,0.7798536263433756
2008-05-31 00:00:00,0.7734333736181904,0.788784329096988,0.7625134907327386,0.7367939444948832,0.7301609499435592,0.7222497400125144,0.7353389366868102
2008-05-31 01:00:00,0.7676168631267068,0.8447632889034586,0.7724102187796124,0.6652905265694403,0.7976621777227535,0.8010732753206025,0.7710471113697598
2008-05-31 02:00:00,0.8080333222811864,0.840898552595046,0.8159508338163902,0.8327607078686319,0.7915308607142596,0.7835078690737814,0.8033379477233513
2008-05-31 03:00:00,0.8148693575439004,0.8605475066482378,0.8267691450692888,0.7737340690013087,0.8121411428859651,0.8163470913591699,0.8282900970920869
2008-05-31 04:00:00,0.8369341308251197,0.8262430514403164,0.8147657441072569,0.7673512563073678,0.8124983090668657,0.7851097933586266,0.8146715518585076
2008-05-31 05:00:00,0.8344404121722668,0.8344624262909071,0.8426379112257562,0.7827326564890164,0.8382452805069213,0.8143661222569544,0.8516039645952336
2008-05-31 06:00:00,0.8489418070162615,0.8185904879157558,0.8415290615844206,0.685294786090266,0.8302840127469555,0.8387242484764666,0.8022563216497829
2008-05-31 07:00:00,0.8668804449281251,0.8442285247107068,0.9074371649178609,0.9002352356313789,0.8490837086619505,0.8728723135359249,0.8459952547223264
2008-05-31 08:00:00,0.7912611269183264,0.8181399171316621,0.8524669945351595,0.8202468137687553,0.876493129917527,0.8969439519535176,0.9283665992223111
2008-05-31 09:00:00,0.8647260362785569,0.9185862556959884,0.8811794268311955,0.8011704353275777,0.8507742536627695,0.8603754427156036,0.8827144286518153
2008-05-31 10:00:00,0.8834682615962889,0.8114784932853357,0.8533162970151883,0.7143002548185541,0.8650472069299963,0.849026672765505,0.8765704236395134
2008-05-31 11:00:00,0.8731070096798982,0.8093998433027364,0.8334532672304421,0.8140494507157933,0.8508768691553834,0.836153342552975,0.84285901028665
2008-05-31 12:00:00,0.8546471735219683,0.8236379295789579,0.9012654524716759,0.6452921373218368,0.865883108546508,0.9059387772055942,0.8638715309038241
2008-05-31 13:00:00,0.8099881388348824,0.9071652819925873,0.8617884154029467,0.9076868537458991,0.9374311868561812,0.8966366979781493,0.878996561013302
2008-05-31 14:00:00,0.8608470921511315,0.7978003027259941,0.8888279597696437,0.9833679971354586,0.9295473636621931,0.9035512450108057,0.802801340786289
2008-05-31 15:00:00,0.8185363273570991,0.8393338431722542,0.8923972931935915,0.8074445452389534,0.874721214915521,0.7959653885266316,0.828276279515461
2008-05-31 16:00:00,0.8211021598129166,0.8400156103500137,0.8009892264898264,0.7605484663324357,0.8545290807807321,0.8727552263525072,0.7905035845816255
2008-05-31 17:00:00,0.8011110516160351,0.8030554378370657,0.8035204800573631,0.7574803445944533,0.8248470767996677,0.8246408546026988,0.805984988840851
2008-05-31 18:00:00,0.8195586135024076,0.8138661838991469,0.8078686420652568,0.7215136011486974,0.8061621311834224,0.7993746558992965,0.7769785330212368
2008-05-31 19:00:00,0.82647352455638,0.7910991536427099,0.7893823234151838,0.6942153843529861,0.7960251803558993,0.8020052578926958,0.781794824004284
2008-05-31 20:00:00,0.8242801481124122,0.8354457463483441,0.7483451814275733,0.8597502313626113,0.7586069556403469,0.7919551690742006,0.8011315539794058
2008-05-31 21:00:00,0.8358207560289688,0.7852342334538792,0.7877800261408869,0.8533455428138588,0.7729996643339377,0.8062360737016576,0.786915680268795
2008-05-31 22:00:00,0.8162282893199856,0.7672985481814942,0.7926019285255156,0.7133042479251686,0.7740263850397238,0.8032003562984485,0.7881355735568191
2008-05-31 23:00:00,0.7949299182433527,0.7990176500407377,0.7795314062762206,0.8176611352368204,0.7954387089340114,0.7911066749035369,0.7758735283733523
2008-06-01 00:00:00,0.8537893606953437,0.8136420833837609,0.7651016679665751,0.8709932104233715,0.7557090448505245,0.8156369613723633,0.796502924369609
2008-06-01 01:00:00,0.805707598893568,0.81252157809479,0.7982840012218926,0.8312154607238997,0.794313190397864,0.768256206775297,0.8013641683242204
2008-06-01 02:00:00,0.8129902447434854,0.7855547331149161,0.8286656508712751,0.8292673160237088,0.8067798552428107,0.7875080791545864,0.8114774736732655
2008-06-01 03:00:00,0.8429688939315759,0.8562180533167612,0.8147219262078074,0.7339887756073127,0.8210567995442065,0.784223883943296,0.8380574920649891
2008-06-01 04:00:00,0.8337547557420353,0.8061521555785303,0.8368888448884537,0.7867039840144823,0.8290500619141915,0.7886902109032148,0.7958942717412215
2008-06-01 05:00:00,0.8126785504797681,0.7881837291823277,0.8147688768638047,0.7907849192130578,0.795086462822287,0.7675856596417923,0.8642965737131586
2008-06-01 06:00:00,0.8392775638807316,0.7486117656312828,0.8710317779993662,0.7700109386150497,0.8543815955120271,0.8067116857204323,0.8590714765942526
2008-06-01 07:00:00,0.8324406582207428,0.7880801314417383,0.8903867580158099,0.8781996647186617,0.857752094596086,0.7958563867718706,0.8536191144224247
2008-06-01 08:00:00,0.8488526012414168,0.849872020097059,0.8950506013991946,0.8931020298454787,0.8982736785105337,0.8839315554869213,0.8479537957002204
2008-06-01 09:00:00,0.8194671633707149,0.8189710309748451,0.8580359781912371,0.9918651858408631,0.8496597514629476,0.9030775758058545,0.8853199733840001
2008-06-01 10:00:00,0.8297137368354938,0.8373954719055362,0.8258303995121129,1.0496857113327251,0.8474502606022646,0.9249114312465984,0.8559266231396854
2008-06-01 11:00:00,0.820000792335287,0.776350300349556,0.8556930346028379,0.7732371793307804,0.8872786717915091,0.8794973504237549,0.8599432117547459
2008-06-01 12:00:00,0.8270485526051713,0.7444225958165257,0.8870224200951897,0.69265438115742,0.9260979842056872,0.8266984222660314,0.7965632705978087
2008-06-01 13:00:00,0.8539588266348141,0.848818738671412,0.8774347501406847,0.9374622908906076,0.8212416084414034,0.9587737329492031,0.8098036152626241
2008-06-01 14:00:00,0.8891758111452195,0.9052412565860014,0.8832337536689628,0.9407438679418938,0.892079666030258,0.9194865023888714,0.7754380812471661
2008-06-01 15:00:00,0.8496307451817839,0.8310269710612112,0.8628931046587875,0.8388946577186728,0.9095663588735639,0.8298528749242399,0.8465689954428098
2008-06-01 16:00:00,0.8198709885095498,0.7917788285982523,0.8757184938026756,0.8087089386184524,0.8191770497929538,0.8287418420143952,0.8328124057334161
2008-06-01 17:00:00,0.8576305835238076,0.8245698220336533,0.8244668887294818,1.0242733973428866,0.8015118861929145,0.8120752286185713,0.7897356128754457
2008-06-01 18:00:00,0.8292810038110688,0.7948262293680013,0.8024570164116215,0.8801979056943945,0.7953429447942711,0.7914416512909361,0.8504923897943935
2008-06-01 19:00:00,0.8261423268588414,0.7750701150780739,0.8145176895599571,0.7877585093510717,0.7919291384184686,0.8181276131848626,0.8267475512559359
2008-06-01 20:00:00,0.8522892487914541,0.7989488820080102,0.8059125391438244,0.8061359600517686,0.8071784906982894,0.8227702958573909,0.8084856681760006
2008-06-01 21:00:00,0.7950944880512387,0.7870875611068436,0.795227661686541,0.6850754603495653,0.7887618300458595,0.7712668441787619,0.7934062821407295
2008-06-01 22:00:00,0.811384736208196,0.7975665807383889,0.8007602942725981,0.8532832114574717,0.8188076440968434,0.8320546417353968,0.8295913351111153
2008-06-01 23:00:00,0.8478451621954605,0.7800308036940252,0.8056313473377827,0.8029323888566543,0.7724747741267162,0.8415539384441599,0.8122528981986119
2008-06-02 00:00:00,0.8339575629837825,0.849767621961627,0.7864230245841008,0.7789026545741632,0.7775465679995834,0.7999503800992486,0.817111215513479
2008-06-02 01:00:00,0.8275164461850489,0.767800176344711,0.8408400091700345,0.7530992288419529,0.7954486580033083,0.8360145403045623,0.7939171487334946
2008-06-02 02:00:00,0.8666501242101019,0.8321685814293439,0.7889674003234034,0.9011757649028351,0.8172965581793481,0.8330338568101486,0.8518435731484996
2008-06-02 03:00:00,0.8435593238951419,0.8469654041584773,0.8097657210588503,0.5770918555079294,0.82822962661238,0.8592493232676037,0.8318676265100952
2008-06-02 04:00:00,0.8251613440779771,0.8139720608499236,0.8545370503064812,0.8044044768112235,0.8209749899566285,0.8676582547327127,0.8635446861660712
2008-06-02 05:00:00,0.8313980397885575,0.8810149103340574,0.8300975515521946,0.8696872093045338,0.8629075236773157,0.8413644458221281,0.8824900191285265
2008-06-02 06:00:00,0.8577682464624634,0.8774073604606314,0.8484426904453449,0.6439460920301439,0.8975889927766023,0.8508208800305194,0.8568174064797981
2008-06-02 07:00:00,0.8882108449646408,0.963700390983684,0.8865117488211071,0.7224744631027903,0.9531468554854278,0.8905984272354389,0.8646171586376732
2008-06-02 08:00:00,0.8399089900268988,0.7718214177386451,0.9130023149316697,0.8032331334929292,0.8504097680220776,0.8168452055278065,0.8280222169616543
2008-06-02 09:00:00,0.8446715882034017,0.7749617181988488,0.9503292005420912,0.956396807966156,0.9566833713782464,0.9276560888001667,0.7797123484889139
2008-06-02 10:00:00,0.8299925060124189,0.8591868991914203,0.8725915466105688,0.5448502202684321,0.8594682849350831,0.9329955385838153,0.8534408123405361
2008-06-02 11:00:00,0.8151945563451188,0.7702726524718112,0.8668566616966363,0.8096280986858868,0.8290142229787225,0.8434985592105355,0.8555718561249545
2008-06-02 12:00:00,0.8694483384500551,0.9065140997668651,0.8624444688002036,0.7581537685631218,0.8560654213950764,1.0004371234844311,0.8298507092566026
2008-06-02 13:00:00,0.8318941791250551,0.8505118486863605,0.8705881688717798,0.7580527016230908,0.79947616434644,0.8419007574948578,0.8363790641325564
2008-06-02 14:00:00,0.825063273987257,0.8634128614651934,0.8332537928465004,0.8185343253532744,0.8373944160604426,0.8109318385309083,0.8011568276071267
2008-06-02 15:00:00,0.7998295299261655,0.8149424961680594,0.7851005271949276,0.7431583056278696,0.7948160783408769,0.7743406950426619,0.7861484016855551
2008-06-02 16:00:00,0.8008938296429321,0.8240218720602464,0.773304752687681,0.7008550539535039,0.7718841463522701,0.7924619671502358,0.733333554178782
2008-06-02 17:00:00,0.8173594701122019,0.8162069217296595,0.8028929019334876,0.8707296648259021,0.8463080616690822,0.7904870284186267,0.8147508267163639
2008-06-02 18:00:00,0.8147520544617848,0.8382989074802896,0.8038824172324136,0.9162642655966964,0.7976911569336631,0.7932557819563527,0.7858610897131881
2008-06-02 19:00:00,0.8090695167633697,0.7995362484937327,0.7736432768431443,0.920583672055161,0.8497178010746589,0.7855592503363431,0.763791365928433
2008-06-02 20:00:00,0.8457920691290564,0.8122479407271411,0.7935074081213307,0.7354890948841738,0.8366018932047729,0.7463543230813104,0.7578416929114368
2008-06-02 21:00:00,0.8490539887862938,0.814145798413761,0.818857303196242,0.8125260894254132,0.8510218115171064,0.7520800121153701,0.7947784931595966
2008-06-02 22:00:00,0.783638764511869,0.815881702169422,0.7703966633211633,0.6894495413635626,0.7960945969770943,0.7724880481805928,0.8157548650551294
2008-06-02 23:00:00,0.7906223032552655,0.7843651820715165,0.8082582647611753,0.6509298758414773,0.7931561162894993,0.7611167597760621,0.7925171840468412
2008-06-03 00:00:00,0.7823899548639738,0.7652230417863578,0.7784158529358075,0.7822895227994279,0.7738166834738789,0.7799055552027198,0.7362115897112118
2008-06-03 01:00:00,0.8266913588069755,0.8175762733911324,0.7983995201980282,0.6722989638545952,0.8128945447733101,0.8234031118364896,0.8006689104300094
2008-06-03 02:00:00,0.8123758020917798,0.8331738553061303,0.8150080852310593,0.7789238708633716,0.7946622537262856,0.8525300617797179,0.8461372228751725
2008-06-03 03:00:00,0.7965649298846184,0.8935873154481927,0.8675036996231162,0.7808988481811688,0.8347091884428992,0.8364839371299054,0.8303112721117983
2008-06-03 04:00:00,0.8672196907625017,0.8930324901565648,0.836782791629265,0.8491979119059866,0.8516090120527962,0.8149972011356683,0.8559159747483333
2008-06-03 05:00:00,0.8756231722374839,0.9054904415283856,0.8654944009915707,0.6922989893775533,0.8465491544918012,0.8250396334421466,0.8872417906221013
2008-06-03 06:00:00,0.8376071302140291,0.9501180957049231,0.862212010220067,0.800274980227851,0.8204684275941558,0.8976917766852951,0.8422333369344046
2008-06-03 07:00:00,0.8288056361211286,0.9444427813025009,0.8385271412756573,0.8974797877186849,0.8561902733098987,0.872475295769266,0.8581511853534857
2008-06-03 08:00:00,0.8482304843358501,0.7997021041052921,0.8576208304430867,0.8544375750165907,0.8677622092453129,0.889280597133287,0.8630988935893142
2008-06-03 09:00:00,0.8538104422378042,0.7948480402417828,0.9255994959979673,0.9718309579416009,0.8667819831553434,0.8416461071242108,0.8769140993007546
2008-06-03 10:00:00,0.7438530416013178,0.8018340911145556,1.0189149109747238,0.9863652450473176,0.9929218706338239,0.8775012178775213,0.7583565769383567
2008-06-03 11:00:00,0.8312753520037185,0.9047298112623843,0.8837968086140284,0.8851332795016764,0.8643882609451815,0.851992830392843,0.8285526317300493
2008-06-03 12:00:00,0.7958056289193376,0.8439830063872449,0.915542774944466,0.877133366971675,0.8934557770724387,0.9123405378931149,0.846285260276148
2008-06-03 13:00:00,0.8291877533250961,0.8581610488595788,0.9239558721895386,0.7703060201972127,0.8769200277722783,0.8401903059367926,0.8051333742709468
2008-06-03 14:00:00,0.8276438674508678,0.8718417651515502,0.8404676710187694,0.798577838651146,0.8208494309298832,0.8183731178790523,0.7934977328789533
2008-06-03 15:00:00,0.7678743698856721,0.811523572098157,0.7461633103175256,0.7646974316510121,0.7765715957456213,0.7808719958000794,0.7729469537638878
2008-06-03 16:00:00,0.7814665873844273,0.8238846527951905,0.7954486476615314,0.7535114649855778,0.7907493594216883,0.7510023405868792,0.770193589575285
2008-06-03 17:00:00,0.8073674163304168,0.7740430478581698,0.7723030598222516,0.7199815450540638,0.8045837470904826,0.8085113358646467,0.7842410351866869
2008-06-03 18:00:00,0.8218567035911072,0.7843203860173538,0.794417869584708,0.8010993215047084,0.8267484370617825,0.7923479782630046,0.8033594264106715
2008-06-03 19:00:00,0.8433275856569287,0.7775822037980423,0.8033913330184093,0.9146992954185833,0.8401642673382139,0.7487503290626137,0.7832854571090406
2008-06-03 20:00:00,0.7947509889833231,0.8485381668183207,0.779213121202573,0.7723793593486695,0.7824819973182665,0.798066880639231,0.7733827872464613
2008-06-03 21:00:00,0.8050272547798902,0.7545556584539216,0.7770384240862036,0.7288307752858583,0.8349006446282262,0.8118756228361534,0.7799566113658657
2008-06-03 22:00:00,0.7911431859427712,0.8304510574273103,0.7874443877091671,0.8012969381013092,0.7689070255930437,0.7910066137233402,0.7924800823090078
2008-06-03 23:00:00,0.8090229961374729,0.8758730869723784,0.8216769753811314,0.7782252361341486,0.8005359382613763,0.7731719010623253,0.7768663896086746
2008-06-04 00:00:00,0.782262553590648,0.7892734611512707,0.7831026704795521,0.6942373378359112,0.8158460198114971,0.7854176565050465,0.7600378267835121
2008-06-04 01:00:00,0.7884776236896479,0.810097469053317,0.7828120114981609,0.6509894332115835,0.8011486458412687,0.7726801443445087,0.7842779833957135
2008-06-04 02:00:00,0.8340804598727587,0.8316697397533666,0.8618637020896127,0.7751731912280185,0.8000742063529582,0.8431537800618578,0.8307877522368096
2008-06-04 03:00:00,0.84478894759741,0.8538457177811394,0.8439913643167523,0.7790092779808824,0.8622361295211277,0.8449276501565127,0.8419226005268828
2008-06-04 04:00:00,0.8438498930538694,0.8906573172156067,0.8680816307857876,0.7357813869421309,0.8588479506665723,0.8276913957032679,0.8589629703369989
2008-06-04 05:00:00,0.8418835024701272,0.9347077411560846,0.8546125859991593,0.8879170476897562,0.8501423040068842,0.8579005486748178,0.8521726963239035
2008-06-04 06:00:00,0.8284583608626009,0.8503775483668266,0.8766283691693681,0.7716733766124648,0.8369750509315608,0.8369394005166995,0.8980548714623661
2008-06-04 07:00:00,0.8268000744111941,0.8832415788603566,0.8535721449210537,0.8384885493038473,0.8962660493112685,0.8608763758202732,0.8825625171475607
2008-06-04 08:00:00,0.8263587754397331,0.8728464169686417,0.8374970317058757,0.8861229734156867,0.8821715374214819,0.8529422031283843,0.8235243616952387
2008-06-04 09:00:00,0.8189972976909148,0.8465143360580287,0.8811591913537221,0.8956856111973349,0.920161156089437,0.8196077099586203,0.7743029261112402
2008-06-04 10:00:00,0.7644585293402806,0.8223470651699959,0.8869524393053266,0.7435711245168388,0.9541757086904068,0.8375729654957174,0.7152262922474828
2008-06-04 11:00:00,0.7952767878507044,0.8363514136255787,0.8985231501996263,0.8077064649490524,0.7701987428319681,0.8910289735577451,0.7748353512839898
2008-06-04 12:00:00,0.8803909697286859,0.9010827122263197,0.8775263672141959,0.8660570059620257,0.911014939927693,0.881473354894045,0.8699198096553767
2008-06-04 13:00:00,0.8016091476605595,0.8576810663698562,0.8837031118349002,0.8592440325059281,0.8479801619274167,0.8195309430790333,0.7990461622304125
2008-06-04 14:00:00,0.8479894720364702,0.8521490889049688,0.8612235177846743,0.6772693661664229,0.796790513259515,0.7888199840348203,0.76718055136212
2008-06-04 15:00:00,0.7918599535507727,0.8219461361172923,0.7739056915499518,0.795065683027919,0.7650541594039678,0.7393756279813998,0.7665133141561729
2008-06-04 16:00:00,0.7762667984200846,0.8465402746674796,0.7504040347367225,0.7442927547985184,0.8030611744840281,0.7712749621848571,0.7674023412136929
2008-06-04 17:00:00,0.7741759108625157,0.837706319944785,0.8072727609700036,0.7365740330215184,0.7911093789234137,0.7631514504277368,0.7686312629501757
2008-06-04 18:00:00,0.792004684898722,0.886405227563851,0.8229346736549802,0.8188080479939028,0.8733925582890899,0.7325744552628374,0.7771834352793268
2008-06-04 19:00:00,0.791274626567555,0.8401398043721837,0.7927914185126806,0.7240099620143,0.7991009864069244,0.8041963202412873,0.7511917968028623
2008-06-04 20:00:00,0.7906720174154396,0.85925165306496,0.8050218367839342,0.7561550835311514,0.8545927876498635,0.7600378284230698,0.7710942306778477
2008-06-04 21:00:00,0.7727125691593333,0.8214418022523154,0.7863307962627344,0.6040498030929768,0.7757434522946706,0.7643038085153256,0.7902373478415862
2008-06-04 22:00:00,0.7582368158868016,0.8359227086469747,0.8072879729661314,0.7171056627528407,0.7879619908809049,0.7652971433503557,0.7774552440672217
2008-06-04 23:00:00,0.7644861673361635,0.7636367229405208,0.7924132653164696,0.7024142573739911,0.7941773523792418,0.7571247218074202,0.7625564950807234
2008-06-05 00:00:00,0.7762271949233627,0.7627663760492809,0.72866234761958,0.8337189158901378,0.7989712790709254,0.7723223059816667,0.7405672394448602
2008-06-05 01:00:00,0.7949399658556646,0.7889713018379579,0.7439664646943056,0.8344649073655097,0.7629550680745213,0.786082150581832,0.782336132134947
2008-06-05 02:00:00,0.8254073244802984,0.8440761700406145,0.8347462210955243,0.8607990549802461,0.82125683801244,0.8183826511485338,0.8134950306946435
2008-06-05 03:00:00,0.8709208699415912,0.8323570492938811,0.8491579575770435,0.7248691167059936,0.8704566365470752,0.8347959410600839,0.8458023845658148
2008-06-05 04:00:00,0.8718895081673617,0.886417396836539,0.8608135884461035,0.8384352594285059,0.8329704929937702,0.8226961387395114,0.8441311017571093
2008-06-05 05:00:00,0.8086483436029058,0.9059022981036744,0.8395001234614085,0.8731256052583716,0.8582823541068763,0.8553861744396014,0.8515606527070123
2008-06-05 06:00:00,0.8798505289273845,0.8791567102407861,0.8382696689463957,0.9299799331428983,0.850505150060321,0.848935533087251,0.8438955690962708
2008-06-05 07:00:00,0.8484437830410374,0.8611852933770467,0.8429290279673675,0.9969253103851828,0.8939211365925158,0.9041560813805836,0.8576879200223888
2008-06-05 08:00:00,0.8124821382111742,0.8570672351655605,0.8605748402962781,0.8717062186008393,0.8707811246402447,0.8693451464555721,0.8648395509044375
2008-06-05 09:00:00,0.8315894957604967,0.8426455573793319,0.8968416395572466,0.7721923809693046,0.947787126096038,0.8511091697585643,0.8764683871446295
2008-06-05 10:00:00,0.8025007059782915,0.9783473540942087,0.9117437271319749,0.9202059853600435,0.9423308387599963,0.8110193607736167,0.8433816665442685
2008-06-05 11:00:00,0.893401848466879,0.8229213530380904,0.8930925234437329,0.8883781422542575,0.8321940857088065,0.8948793518809212,0.8534027459262706
2008-06-05 12:00:00,0.8255494855026003,0.8388909093670779,0.942061213863815,0.9400152463132028,0.8382167379696303,0.8586551354482812,0.8566249844819362
2008-06-05 13:00:00,0.825721539848764,0.8271884763753102,0.8684131301836602,0.8315343312848507,0.8586341441052775,0.8617175988451478,0.8360110952427722
2008-06-05 14:00:00,0.8683774063502985,0.8650840753191944,0.8531657359705027,0.8385950318656018,0.8473726290952828,0.8589743384162211,0.805304880313296
2008-06-05 15:00:00,0.8284936070678013,0.8467899849575392,0.7667856402852555,0.6782067465689455,0.7720389744386909,0.7931436694127494,0.7638105724953086
2008-06-05 16:00:00,0.7991017713836872,0.7877739704313879,0.7852206668534679,0.8207857596764645,0.7933372168318842,0.7736273134809719,0.766017517571638
2008-06-05 17:00:00,0.8062633026944703,0.8722876441143634,0.7973124780645939,0.8717770177904265,0.8080296498718244,0.7843561501306606,0.7914584255585383
2008-06-05 18:00:00,0.8227272552576822,0.8133103492380369,0.7733066430766031,0.8664597400351587,0.805078129052566,0.7619464658830505,0.7640695437168994
2008-06-05 19:00:00,0.8032552159353779,0.8081016783512387,0.8092581745017102,0.8375326200452023,0.8119897439572363,0.7392220380609005,0.7604414765241237
2008-06-05 20:00:00,0.7987151284775216,0.8087318384197537,0.7514654047799445,0.775238671545909,0.7456163004713341,0.7760780705197311,0.7746314324032627
2008-06-05 21:00:00,0.7858612675336902,0.8068437663832134,0.786941478851827,0.7923813230246992,0.8250791771169232,0.7448450605876626,0.7518354684544566
2008-06-05 22:00:00,0.7676047719578789,0.7910541444161334,0.7914818773488002,0.7854482702179572,0.7827036095861291,0.766656514632121,0.7660677388262382
2008-06-05 23:00:00,0.7971197624925082,0.7225722388347299,0.7960634639218593,0.7963870591332965,0.799630889003479,0.756057037223111,0.7382262155675472
2008-06-06 00:00:00,0.7632030331484433,0.7796186633254131,0.7721731513765915,0.7202871203076443,0.7847981579769348,0.7562646406954392,0.6998664082846191
2008-06-06 01:00:00,0.7550678234544038,0.8380299575328765,0.760432193433765,0.8071073018244749,0.7809594090284543,0.7709684808497523,0.7792081977985137
2008-06-06 02:00:00,0.8175878057929689,0.8146701866835732,0.7925747288627047,0.7571658341436807,0.7867901604357268,0.8183067070828105,0.8479336269213807
2008-06-06 03:00:00,0.8673494332438448,0.8244619124081645,0.8632909605737352,0.7639869820474275,0.8059401642568818,0.8529588229581763,0.8350811992990568
2008-06-06 04:00:00,0.8722916118792299,0.8535267627326173,0.8226100554066155,0.8816399020951883,0.836791942713556,0.8276464005127715,0.8433805622433617
2008-06-06 05:00:00,0.8473762153975729,0.8914032987587006,0.8466117185691265,0.7221884097755014,0.8233558006167855,0.842800703327727,0.8146977917111751
2008-06-06 06:00:00,0.8239489109814112,0.8892610562226622,0.8799278944636025,0.6859030364769659,0.8534689222552969,0.8741753327577467,0.887037148454364
2008-06-06 07:00:00,0.7882899452505052,0.8450867601263325,0.8703066183489814,0.9943548111138985,0.8467568494802367,0.8672906546130738,0.8771569709388561
2008-06-06 08:00:00,0.8644954754292115,0.8646860030673114,0.9374245237507314,0.904541430275201,0.8576016853957213,0.8593143839820269,0.8465608879741838
2008-06-06 09:00:00,0.8697485554580557,0.8718610367137294,0.8733789357007624,0.7460311348426578,0.9006826452462379,0.8700358038844646,0.8448271582236915
2008-06-06 10:00:00,0.7581280713442398,0.8214593649470722,0.921573618864526,0.8647124419739128,0.8398930255338474,0.8876963070570241,0.8837383217794903
2008-06-06 11:00:00,0.8336089170804092,0.7787896960371372,0.8257808493981803,1.2814698164996954,0.8794360872345007,0.8900282822674777,0.894677024149098
2008-06-06 12:00:00,0.8864342117926964,0.8266794925452883,0.9781289520512806,1.0964671195417903,0.8641451835454711,0.8676471249041073,0.8613176183794576
2008-06-06 13:00:00,0.8291491643332113,0.8321067977366622,0.8843080810770481,0.9835938494987825,0.8908495768305504,0.8775009089031384,0.783324306082414
2008-06-06 14:00:00,0.8208900557019437,0.8549261754249484,0.8214671734239266,0.8016988931738439,0.7686347939951043,0.8033451281237303,0.7950365715727193
2008-06-06 15:00:00,0.8020158654638397,0.8102128674395975,0.7777071089840658,0.7897908004521552,0.7534021918171598,0.7892719779476434,0.7853729322614768
2008-06-06 16:00:00,0.805825136895396,0.747997524310653,0.7875009963345075,0.7482955362872371,0.801977429417405,0.798078711808258,0.7368634201853241
2008-06-06 17:00:00,0.7826567703805788,0.7641829388320989,0.7824953363955383,0.7593367267638467,0.809819447640383,0.7605158269244872,0.7880031877013345
2008-06-06 18:00:00,0.8225774545156009,0.785199009481091,0.8081283549904884,0.897446584112227,0.8459837691107318,0.7701524280669653,0.750481352471733
2008-06-06 19:00:00,0.8274612892388833,0.7709818614572238,0.7359474927546096,0.7642116920593379,0.8039361457295122,0.7921784054050551,0.763596063286347
2008-06-06 20:00:00,0.8255736317993365,0.7942101968401094,0.7884152385333139,0.7591965900159353,0.8276437085520012,0.7664283194036893,0.8045219947085668
2008-06-06 21:00:00,0.7709513055043498,0.7829138536830695,0.792566004446784,0.7790905230478001,0.8240553727851567,0.7267078455296637,0.7901318617335185
2008-06-06 22:00:00,0.7603443051315661,0.8226450630143763,0.7698006366226379,0.8038410738502453,0.8191411437813606,0.7368410523098653,0.7956893495411179
2008-06-06 23:00:00,0.7516344260066288,0.789809065524531,0.7514989400179224,0.7712718483708694,0.7851032200968927,0.72551679624083,0.7444976375308615
2008-06-07 00:00:00,0.7816752052508694,0.7066566052060503,0.7331108916774169,0.6660626592533064,0.7700404638104585,0.7395199932084067,0.7067765781525579
2008-06-07 01:00:00,0.7971370127729482,0.8041324151664128,0.7810060825823595,0.7793687740330852,0.7791928623167363,0.8078395811859906,0.7620831625497536
2008-06-07 02:00:00,0.8606351826415627,0.8107204056065477,0.812173569118579,0.7172682447503559,0.7924734530346087,0.8325075154171416,0.8344686574495985
2008-06-07 03:00:00,0.7951716802706562,0.8471179851105543,0.8254487337209068,0.9145636655092444,0.7976018829539248,0.7847968544324341,0.858248708675625
2008-06-07 04:00:00,0.8404743364618493,0.8279437047369316,0.8440756241868628,0.79996406746864,0.8039614499900933,0.8266088592633043,0.8367489141008216
2008-06-07 05:00:00,0.81011026225296,0.8069646962382967,0.8302868806355613,0.8958377626107137,0.8252247635842835,0.8360881999758661,0.8347353855029434
2008-06-07 06:00:00,0.7995945907198573,0.7654575601780983,0.8739205862229181,0.9785219398189027,0.8573392308483132,0.8855757725354636,0.859425759726021
2008-06-07 07:00:00,0.8536772898653403,0.8813938801069222,0.892181203733496,0.8153926326554031,0.8650085384831178,0.8565296883715153,0.8804934307255231
2008-06-07 08:00:00,0.8923853007119751,0.8313426277233064,0.860653674592354,0.9041675515287237,0.8645471853686802,0.9095707224570306,0.8782840227100704
2008-06-07 09:00:00,0.8067040157960645,0.8135137293232122,0.8854522330024029,0.8163721106680191,0.8476969324487077,0.8884565779812722,0.8409270997098983
2008-06-07 10:00:00,0.8074886577642263,0.8431959819289258,0.8588735253775098,0.9631828750021862,0.8881253772526778,0.8452280913838387,0.8831479224020378
2008-06-07 11:00:00,0.7806930835957377,0.8522678054706437,0.8412314523318576,0.9419215986341412,0.9106464687115379,0.8833805264709484,0.8253263485066413
2008-06-07 12:00:00,0.8407287587545133,0.8351828920932639,0.8824704205960864,0.7602653249598662,0.9075795910101909,0.9134977830952817,0.8554257307793496
2008-06-07 13:00:00,0.8904955655002004,0.8268999546888675,0.8579423003278891,1.0095757374584713,0.92927182037773,0.876925034937934,0.8383496381723016
2008-06-07 14:00:00,0.8112154356580842,0.9008278101744022,0.8556176381417913,0.7350569316042901,0.9195357598340275,0.8337766864945624,0.8535090387604012
2008-06-07 15:00:00,0.7994860293927887,0.8516295764499944,0.8824362382266073,1.0029066784583514,0.8427929806340846,0.8362127042952738,0.8142350134253807
2008-06-07 16:00:00,0.8154052790653357,0.8228656295688622,0.8212868466339445,1.0277643549118123,0.8647777699781238,0.7962416816945292,0.8020267090715666
2008-06-07 17:00:00,0.8122083080461927,0.7892848596526287,0.818849643140214,0.7024659324675794,0.8278408346708576,0.8062760278524383,0.8033502356543318
2008-06-07 18:00:00,0.8363795677528757,0.8198290768879017,0.8200034043185553,0.7111540615497137,0.7908792115133205,0.796270209997274,0.7628703373313753
2008-06-07 19:00:00,0.8389776388433021,0.8462435808209051,0.798227436882328,0.7375594166667708,0.796898805898258,0.8073767714692953,0.7776197676638433
2008-06-07 20:00:00,0.7752595120113703,0.7969967467710249,0.7830636055404826,0.6887022268880868,0.7997819208710704,0.7442187073607872,0.7935582714878675
2008-06-07 21:00:00,0.8088839994967139,0.7614233302211847,0.8057185305117212,1.036087203779639,0.787868923201533,0.7652499505952622,0.7972070377250597
2008-06-07 22:00:00,0.7607302787209654,0.7518558686121027,0.7793357192800968,0.718186047169569,0.7977767401554539,0.7633036511073493,0.8145407814165593
2008-06-07 23:00:00,0.7634971847142744,0.767171031418403,0.7907177270217848,0.7405631186328695,0.7585771776189932,0.7702322353065923,0.7760028186536978
2008-06-08 00:00:00,0.7662332203325048,0.789136152756906,0.7973072573990044,0.8102002578134695,0.7866301159153102,0.7543931678355116,0.8134874424150715
2008-06-08 01:00:00,0.8030471565067764,0.8206144386571165,0.770896979599225,1.080116827967491,0.7673200655467202,0.7957192327945339,0.8225374881982029
2008-06-08 02:00:00,0.8684509720624083,0.7803673865716754,0.7890680644014394,0.678398265537752,0.8084713828789434,0.7784434915359215,0.8219439498620551
2008-06-08 03:00:00,0.8407017310475716,0.8001883600034944,0.825157995024463,0.815074606979028,0.8381601328793228,0.818834374925703,0.7969218091338385
2008-06-08 04:00:00,0.810173033594144,0.7720858886032561,0.8137622343500793,1.0236401039011096,0.8364789724121221,0.7867711061290356,0.8376542096449233
2008-06-08 05:00:00,0.8111781081282669,0.7642193304174822,0.8365163761955658,0.7395590284794922,0.8245574785214743,0.8304652470108055,0.8270110228140896
2008-06-08 06:00:00,0.8232092783966226,0.8063638154768357,0.8378816670335311,0.6754776341037585,0.8689199423679593,0.8351438551199446,0.8003070957170603
2008-06-08 07:00:00,0.8430291329281605,0.777004985327051,0.8614253097985595,0.868456123468529,0.8477428878264972,0.870745987614069,0.8505930183563893
2008-06-08 08:00:00,0.847665572612605,0.8171033946636089,0.8544900026912962,0.7131121823615071,0.8169585133024595,0.8721903389599914,0.8486353930435991
2008-06-08 09:00:00,0.8281729198103429,0.8432050507337152,0.8794991081414193,0.7968856477205635,0.8104502979753427,0.8707591704727811,0.9048989117494155
2008-06-08 10:00:00,0.8652592686433609,0.8255658675057125,0.8117042965033198,0.7680415289548649,0.873153048316876,0.8806609381468333,0.8553341890289202
2008-06-08 11:00:00,0.7452442475060055,0.8458783404615431,0.8458042593710648,0.9503538731906482,0.9245054421113142,0.8740919603130952,0.9171641419692573
2008-06-08 12:00:00,0.7820581630019477,0.8726004975169281,0.8905912513640644,0.8198613760491591,0.8381083270213445,0.8743244044448304,0.9236034246038619
2008-06-08 13:00:00,0.7795110379580221,0.8227779968779132,0.8733112509195805,0.7241305472313437,0.9145096632374218,0.8315243616178726,0.7758274189007942
2008-06-08 14:00:00,0.8972071898063053,0.8265318224011546,0.8903729827576439,0.8102480313580939,0.9088000579629184,0.8331994644487879,0.839271191996015
2008-06-08 15:00:00,0.8739998276425638,0.8272475476162405,0.8959739013039296,0.6609024409335716,0.8868571701051591,0.8746146849092077,0.8315978865495969
2008-06-08 16:00:00,0.8313257852362801,0.83640023793735,0.7955454203456199,1.023487745299024,0.8203790149045752,0.8627473919034137,0.8343355494801149
2008-06-08 17:00:00,0.822867936933653,0.8144803579709293,0.8236451133019879,0.8997554410700926,0.8141721231018266,0.8117818330922886,0.8137921554502733
2008-06-08 18:00:00,0.8537654955033799,0.8288064294050167,0.8050688830234621,0.8317406042077282,0.8262218271645662,0.8031241915070247,0.8338250380763155
2008-06-08 19:00:00,0.8031338465490031,0.8022766815718185,0.8170952565836057,0.9089725361700026,0.7876066536630136,0.777055349569343,0.7804440990046998
2008-06-08 20:00:00,0.8104292812226391,0.7580236116120452,0.7694295592797575,0.8470409395583426,0.7875692525302004,0.8180543958234038,0.8086653353835404
2008-06-08 21:00:00,0.8205307719170906,0.7599581873575014,0.8022797358052332,0.747996500621467,0.7763572934634483,0.7703895570507867,0.8334328858549744
2008-06-08 22:00:00,0.8645964483224504,0.771282175471927,0.8058933668680216,0.6515604380987468,0.7728815909929404,0.7727758581694738,0.8591103323927926
2008-06-08 23:00:00,0.8221155157333548,0.7720002093290941,0.8011389616880022,0.7232399083007172,0.7650501735567311,0.8380352333923817,0.8045442362827374
2008-06-09 00:00:00,0.8413925029625605,0.8495377204608374,0.8259061719566659,0.7244063067214205,0.78431614450217,0.8319682997627609,0.8290287675182388
2008-06-09 01:00:00,0.8269282026780344,0.8005509052223837,0.8212733400417059,0.7747008629671963,0.8624713364100219,0.8159873205175652,0.836043367825693
2008-06-09 02:00:00,0.8334662599873983,0.8546632936589595,0.8449150134245769,0.8372604626805145,0.8156663835991087,0.8502777174090796,0.8587335432627855
2008-06-09 03:00:00,0.8428413705091119,0.8882401500742991,0.8081370891454749,0.928133768616827,0.8298537913179306,0.869042004951303,0.8743521772477744
2008-06-09 04:00:00,0.8556094088112378,0.8325839123007275,0.8294010850204788,0.6897588976935324,0.8381016678706262,0.8359473906486543,0.8342871584135857
2008-06-09 05:00:00,0.8202589969743465,0.8656199941621492,0.8661394550952423,0.9190749731956674,0.854985017649694,0.8044054387707558,0.8897924405701474
2008-06-09 06:00:00,0.876006385097307,0.9199730063600444,0.8545449054138661,0.5348054074826675,0.8342827234335796,0.8494894570306198,0.9075354507463441
2008-06-09 07:00:00,0.8776808683820024,0.906776664461489,0.8487284325127851,0.7530299994575652,0.8836281114850049,0.8692949109926515,0.9185999072150192
2008-06-09 08:00:00,0.7827432793300078,0.8649589103560497,0.834982667252305,0.7359483559680083,0.847163834238421,0.8906497420160637,0.8425621446286636
2008-06-09 09:00:00,0.7898575948445341,0.8557151154632627,0.8973007239935683,0.831129138577389,0.9679896963554526,0.8348358231821533,0.8646005943015546
2008-06-09 10:00:00,0.7807342097194035,0.9048664991335129,0.9166401379904339,0.6713657260470397,0.9070283974985961,0.9220733710326128,0.8289127398887032
2008-06-09 11:00:00,0.8281567512347708,0.9025056961460054,0.9224284464067698,0.8108575193763484,0.8647104015043686,0.8930207968987545,0.8642186909315125
2008-06-09 12:00:00,0.8350243685421638,0.8114906768118701,0.9130129529505111,1.0091900252674508,0.8880725829964135,0.8195453810563359,0.8181568794236543
2008-06-09 13:00:00,0.8323551773594347,0.8622309338374958,0.8511561406774479,0.7791698912899185,0.8133984145902095,0.8802645020989691,0.7928092346322777
2008-06-09 14:00:00,0.8453809175691394,0.8717239687993514,0.822885049066994,0.6986042285041874,0.8092726469950149,0.8325417465551276,0.8270854612799793
2008-06-09 15:00:00,0.7973719135600628,0.8128866882392033,0.790237755358812,0.6810015325823713,0.7329143024269682,0.7874570093030245,0.7557868580678025
2008-06-09 16:00:00,0.8051580671345604,0.8303898503408522,0.8179804066784493,0.7866119620937462,0.7435087431544151,0.7831128540105542,0.7868912355035572
2008-06-09 17:00:00,0.820893755927884,0.8513365012562214,0.8363339967338405,0.7141819215862564,0.7971943384330578,0.7779342269815047,0.8022056336461483
2008-06-09 18:00:00,0.809366101263878,0.8421444324609818,0.80983012679894,0.8399547266959808,0.8095752460326066,0.7632286355670935,0.7690967357582549
2008-06-09 19:00:00,0.834090781358101,0.7728066635962555,0.794600594233325,0.6107773521704336,0.7810353840833079,0.7388268051544344,0.7405738861647071
2008-06-09 20:00:00,0.8263384794693447,0.7863531182704293,0.8422139888529269,0.990881957822749,0.7828246001557355,0.749729570676016,0.7758839298612723
2008-06-09 21:00:00,0.8329159819643842,0.7546206676179823,0.7660189759205173,0.8377824431048051,0.9468667517325131,0.772607203638385,0.7769629301766795
2008-06-09 22:00:00,0.8028526851589142,0.7726725588687962,0.7855073978317989,0.8674133110820658,0.7527696544148071,0.7392846159603114,0.7541380044692635
2008-06-09 23:00:00,0.7958387061153517,0.6911345163607872,0.7957868063822832,0.7683143076803841,0.8192963830597069,0.7470761432880265,0.7916814235746429
2008-06-10 00:00:00,0.7966337755078348,0.7688478902021025,0.8365392335362383,0.6006561854060126,0.8633964383464434,0.7599253983168953,0.6906354370481488
2008-06-10 01:00:00,0.8351159498172522,0.6880045118217313,0.8090488665823825,0.9562456654278273,0.7976197754997075,0.8292991658463694,0.7233221317971965
2008-06-10 02:00:00,0.8142631870952943,0.8878030559227091,0.8667670089523648,1.107605620193618,0.8295955184182922,0.8403475301150832,0.825571372939829
2008-06-10 03:00:00,0.8770429579487349,0.7989382251575171,0.8926534832435418,0.9513907944676155,0.7740055951330775,0.8649710672902973,0.8236451801830167
2008-06-10 04:00:00,0.8230891583663102,0.8431574824984601,0.8139872288042784,0.7913334780455736,0.840775773737456,0.8437675132051656,0.8833644220656008
2008-06-10 05:00:00,0.8320275377524631,0.8717569672797065,0.8428851522749223,1.041566594022922,0.8837036729651575,0.8666027112497747,0.8243230026778868
2008-06-10 06:00:00,0.8372203462248025,0.8661494402710423,0.8537464627617413,1.2493181271663958,0.9160073739664513,0.8735634366317715,0.8431359700126156
2008-06-10 07:00:00,0.8118389619912166,0.892320091942953,0.8843415122507027,,0.9076014049342466,0.9605870130213631,0.850974405689028
2008-06-10 08:00:00,0.8199284572844882,0.8845951044582822,0.8043805695849978,1.0534781907829909,0.8564910797284094,0.9009341783908269,0.840508266738668
2008-06-10 09:00:00,1.0237268747917192,,,,0.44896830317891406,0.8064870275958202,1.0445538758488355
