,tci
0,0.0
1,0.0
2,0.9042154955925926
3,0.9423331468591895
4,0.0
5,0.0
6,0.0
7,0.0
8,0.0
9,0.0
10,0.0
11,0.0
12,0.0
13,0.0
14,0.0
15,0.0
16,0.0
17,0.0
18,1.0
19,0.0
20,0.7112806106666666
21,0.0
22,0.0
23,0.0
24,0.0
25,0.0
26,0.0
27,0.0
28,0.9341198522374146
29,1.0
30,0.7192633997407407
31,0.9190963842539683
32,0.9921509226457657
33,0.0
34,1.0
35,0.0
36,0.9808248497839506
37,0.9370311975555555
38,0.540389236
39,1.0
40,0.8173929419438712
41,0.6133029311252677
42,1.0
43,0.7736703945138889
44,0.0
45,1.0
46,1.0
47,0.9620712368686869
48,0.8939823523302469
49,0.9908915622309693
50,0.0
51,0.0
52,1.0
53,1.0
54,0.0
55,0.0
56,0.7654539786616945
57,0.0
58,1.0
59,1.0
60,1.0
61,1.0
62,0.9579591547619047
63,1.0
64,0.920605625669192
65,0.0
66,0.0
67,0.0
68,0.0
69,0.0
70,0.8174491730773656
71,1.0
72,1.0
73,0.0
74,1.0
75,0.0
76,0.5448265434707548
77,1.0
78,0.7986100003885004
79,0.3531963768333333
80,0.0
81,1.0
82,0.0
83,0.992473843829846
84,1.0
85,1.0
86,1.0
87,0.0
88,0.8346816444733044
89,1.0
90,1.0
91,1.0
92,0.0
93,0.0
94,0.0
95,1.0
96,0.0
97,1.0
98,1.0
99,0.0
100,0.9256058003590912
101,0.6938713739152452
102,0.0
103,1.0
104,1.0
105,1.0
106,0.0
107,0.9983182137513524
108,0.8732800798148147
109,0.9051350577667611
110,1.0
111,1.0
112,0.0
113,0.0
114,0.0
115,1.0
116,0.0
117,0.9917064342932118
118,0.0
119,0.0
120,0.0
121,1.0
122,0.0
123,0.0
124,1.0
125,1.0
126,0.0
127,0.6828535878333334
128,1.0
129,1.0
130,0.0
131,0.8113035010555555
132,0.0
133,1.0
134,1.0
135,1.0
136,1.0
137,0.0
138,0.0
139,0.0
140,0.0
141,0.0
142,0.0
143,0.0
144,0.0
145,0.0
146,1.0
147,1.0
148,0.7195830561425316
149,0.8683975574891236
150,0.5610725713693806
151,1.0
152,0.86107510825
153,0.0
154,0.0
155,1.0
156,0.8184106991666666
157,1.0
158,1.0
159,0.8565516736626985
160,0.0
161,1.0
162,1.0
163,0.9254403695893497
164,0.0
165,1.0
166,1.0
167,1.0
168,0.9857386384457795
169,0.0
170,0.0
171,1.0
172,0.0
173,1.0
174,1.0
175,0.0
176,1.0
177,1.0
178,1.0
179,0.0
180,1.0
181,0.0
182,1.0
183,1.0
184,1.0
185,0.779774449
186,1.0
187,0.9055967655
188,0.0
189,0.0
190,1.0
191,1.0
192,0.0
193,0.0
194,0.0
195,1.0
196,0.8365650448648229
197,0.0
198,0.5431931528899938
199,0.0
200,0.7681225766111112
201,1.0
202,0.8475441388792976
203,0.8695936106222222
204,0.0
205,1.0
206,0.8033721230577999
207,0.6445336381527778
208,0.3991588983333333
209,0.0
210,0.5438092723333334
211,0.5444118922
212,0.0
213,0.8516221681666667
214,0.5444118922
215,0.0
216,0.0
217,0.0
218,0.5188368999583333
219,0.956268708
220,0.888746904
221,0.41561177608333333
222,0.0
223,0.0
224,0.0
225,0.0
226,0.41561177608333333
227,1.0
228,0.0
229,0.0
230,0.39220160216666666
231,0.0
232,0.361134191
233,1.0
234,0.8574654405389438
235,0.0
236,0.2990115305277778
237,1.0
238,1.0
239,0.0
240,1.0
241,0.0
242,0.0
243,0.0
244,0.0
245,0.6321391399999999
246,0.0
247,0.0
248,0.0
249,0.0
250,1.0
251,0.0
252,0.0
253,0.0
254,1.0
255,0.0
256,0.0
257,0.0
258,0.0
259,0.0
260,0.0
261,0.8971473033333333
262,0.0
263,0.0
264,1.0
265,1.0
266,0.0
267,1.0
268,1.0
269,0.0
270,0.0
271,0.9605981152380952
272,1.0
273,0.6405749565637732
274,0.0
275,0.0
276,0.7533978541666666
277,0.5318672180098059
278,0.0
279,0.7600383662730474
280,0.0
281,0.0
282,0.40627095716666667
283,1.0
284,0.0
285,0.0
286,1.0
287,1.0
288,0.8531327288170706
289,0.6888359728333333
290,0.756264025
291,1.0
292,0.8563861881085559
293,1.0
294,0.9764814220555555
295,0.8977081684275947
296,0.7731767688004971
297,0.0
298,0.9932676331111111
299,0.0
300,0.5926072380360472
301,0.930895815
302,0.0
303,0.0
304,0.0
305,0.0
306,0.0
307,0.0
308,0.0
309,0.0
310,0.0
311,0.0
312,0.0
313,1.0
314,0.0
315,0.0
316,0.0
317,1.0
318,0.0
319,1.0
320,0.0
321,0.0
322,0.0
323,0.0
324,0.0
325,0.9576769568399972
326,1.0
327,0.0
328,0.0
329,0.0
330,0.0
331,0.0
332,0.0
333,1.0
334,0.9610467049434234
335,0.9964322623809524
336,0.9824721673333333
337,1.0
338,0.9928155430334001
339,1.0
340,1.0
341,1.0
342,1.0
343,0.8968364572340226
344,1.0
345,0.9127798827774325
346,1.0
347,0.9964808854706168
348,0.9797799079930293
349,0.9539420188029636
350,1.0
351,0.9782772423093952
352,1.0
353,0.7865335175555557
354,1.0
355,1.0
356,1.0
357,1.0
358,1.0
359,1.0
360,1.0
361,1.0
362,0.0
363,1.0
364,0.0
365,0.0
366,0.0
367,0.0
368,1.0
369,0.0
370,0.0
371,0.0
372,0.0
373,0.0
374,0.7771512735653615
375,1.0
376,1.0
377,0.0
378,0.8613688590123457
379,0.9609149634188036
380,0.9684453456832439
381,0.9236296011190476
382,0.9584002047530865
383,1.0
384,0.9359900597685186
385,0.8624262559259259
386,0.9457678245105821
387,0.8802553227037038
388,0.6307825333492064
389,0.9130101281869281
390,0.9592291569135801
391,0.7395782584195403
392,0.8923315194900793
393,0.7864351097113996
394,0.715381358940527
395,0.909446029197995
396,0.7961285099831418
397,1.0
398,0.7760051812640425
399,0.9907098880208333
400,1.0
401,0.9658977938191214
402,0.7973320353821549
403,0.0
404,0.7206893583025823
405,0.9275839816666668
406,0.7516661658885777
407,0.8008857190026492
408,0.8117270414736777
409,0.7989047984387464
410,0.7699264761333334
411,0.7286807556206756
412,0.8765715724326685
413,0.5668209036764705
414,0.9048989309073594
415,0.7934575970595814
416,0.7407328388333334
417,0.8160902706984127
418,0.835477669812802
419,0.9604461715151515
420,0.6490678445502646
421,0.9180581760233918
422,0.8640080463671024
423,0.74473316025
424,0.7710790401851852
425,0.8047390790950617
426,0.8776795648877194
427,0.6963168807334785
428,0.8382226998558201
429,0.8827697477153972
430,0.8782415147779848
431,0.635431265316358
432,0.9366333342655894
433,0.6169222065185186
434,0.7661633313162394
435,1.0
436,0.8978027742769387
437,0.8538258573492064
438,0.8542727419675925
439,0.0
440,0.0
441,0.9308107465367965
442,0.8545724968737374
443,0.9185665404761904
444,0.741787613
445,0.97513688
446,0.8619198354050135
447,0.8857687543333334
448,0.7656537617777778
449,1.0
450,0.9225192670185186
451,0.0
452,0.8467039768333333
453,1.0
454,1.0
455,1.0
456,1.0
457,0.0
458,0.5231894309999999
459,1.0
460,1.0
461,0.0
462,1.0
463,1.0
464,0.0
465,0.0
466,1.0
467,1.0
468,1.0
469,0.0
470,0.0
471,0.0
472,0.0
473,1.0
474,1.0
475,0.0
476,1.0
477,1.0
478,0.6309238815
479,0.0
480,0.0
481,1.0
482,1.0
483,1.0
484,1.0
485,0.4989068936666667
486,0.7423539145740742
487,0.8517773194530764
488,1.0
489,1.0
490,0.9907349781437746
491,0.7024495201666667
492,1.0
493,1.0
494,0.8676306877380954
495,0.6470415123333333
496,1.0
497,1.0
498,0.9446814771428572
499,1.0
500,0.6360492458333333
501,1.0
502,0.9458706068888888
503,0.7481863530258037
504,1.0
505,1.0
506,0.8929215946666668
507,1.0
508,1.0
509,0.9691640692401537
510,1.0
511,0.0
512,0.0
513,0.9703643726261998
514,1.0
515,0.0
516,0.7081451142876873
517,1.0
518,0.9606635127408327
519,0.808053375077688
520,0.8107167170370371
521,0.819282392
522,1.0
523,0.0
524,1.0
525,0.0
526,0.8629456570678821
527,0.0
528,1.0
529,0.8618718028451074
530,0.8770081748888889
531,1.0
532,0.9406890523214327
533,0.9792483350597334
534,1.0
535,0.9173726280150344
536,0.0
537,0.0
538,1.0
539,0.0
540,0.8385301369999999
541,0.7363011968333333
542,0.0
543,0.0
544,0.0
545,0.7404164487539683
546,0.8120522686296296
547,0.0
548,0.8859558851388889
549,0.8338076486111111
550,0.8044306494717215
551,0.48965559233333333
552,0.7996009998333333
553,0.6435964715833333
554,0.7044394976790124
555,0.0
556,0.8346705187407407
557,0.427663414
558,0.0
559,0.831716600388889
560,0.5799826092222222
561,0.7316812871666667
562,0.0
563,0.9969737216666666
564,0.8505390208333333
565,0.0
566,0.5503727043333333
567,0.6001436618888889
568,0.9324798098333333
569,0.849823125
570,0.9879980906666667
571,0.6776304175
572,0.0
573,0.0
574,0.3115584659208618
575,0.0
576,0.0
577,0.0
578,0.0
579,0.0
580,0.0
581,0.0
582,0.9092575393333333
583,0.0
584,0.9458400174603175
585,0.8509965662822548
586,0.0
587,0.0
588,0.0
589,0.0
590,0.0
591,0.0
592,0.872266641
593,0.9402717541851852
594,0.8989583002678572
595,1.0
596,0.872266641
597,0.0
598,0.8613535503333334
599,0.0
600,0.0
601,1.0
602,0.0
603,0.0
604,0.90527234774601
605,0.9605145707708952
606,0.0
607,0.0
608,0.0
609,0.0
610,0.0
611,1.0
612,0.9544292148333333
613,1.0
614,1.0
615,1.0
616,0.0
617,1.0
618,1.0
619,1.0
620,0.0
621,1.0
622,0.9311635701068376
623,1.0
624,1.0
625,1.0
626,0.0
627,0.0
628,0.5214565111666667
629,0.7377502678333333
630,0.6248453097161798
631,0.0
632,0.8990611441269841
633,0.0
634,0.0
635,0.6013184300807956
636,0.5006168050548996
637,0.0
638,0.0
639,0.8589269922407409
640,0.8414398898333333
641,0.0
642,0.0
643,0.0
644,0.0
645,0.0
646,0.0
647,0.0
648,0.9187222543703704
649,0.7296303241666667
650,0.0
651,0.9664960459999999
652,0.8219664002962963
653,0.8612066761111111
654,0.0
655,0.0
656,0.9113486875
657,0.9317954922222222
658,0.762609691
659,0.0
660,0.0
661,0.8528228099999999
662,0.8477063459444445
663,1.0
664,0.8525257102222222
665,0.7593799838148149
666,0.9458385717837166
667,0.8671701590359783
668,1.0
669,0.7839830229166667
670,0.0
671,0.9957717927284028
672,0.0
673,1.0
674,0.0
675,0.0
676,0.8106180044393145
677,0.0
678,0.0
679,1.0
680,0.9825406020555555
681,0.0
682,0.0
683,0.7942701992222222
684,0.842696919351852
685,0.0
686,0.0
687,0.7225896246666667
688,0.0
689,0.0
690,0.8183029826666666
691,0.6814324415
692,0.0
693,0.0
694,0.46874979299999997
695,0.0
696,0.0
697,0.0
698,0.0
699,0.0
700,1.0
701,1.0
702,1.0
703,0.7908342834024692
704,1.0
705,0.9708746511005435
706,0.9912856077777777
707,0.8833603726666667
708,0.9319368286203117
709,0.9067711535555555
710,0.9091163018148148
711,0.0
712,0.9248310204850975
713,0.0
714,0.966961915774982
715,1.0
716,0.9880382870399812
717,1.0
718,0.9806751433950618
719,1.0
720,0.8798012586036347
721,1.0
722,0.9092957675853305
723,1.0
724,0.8684246660073259
725,0.0
726,1.0
727,0.9888823838333334
728,1.0
729,0.0
730,0.0
731,1.0
732,0.0
733,0.8180538223333333
734,0.0
735,0.9471770708333334
736,0.0
737,0.0
738,0.9641850391666666
739,0.7748000570402596
740,0.9262656546666667
741,0.9717968155514122
742,0.6503252900927653
743,1.0
744,0.0
745,0.6646221175
746,0.9061690882535736
747,0.0
748,0.0
749,1.0
750,1.0
751,0.0
752,0.7943204716666667
753,0.5275712388333333
754,1.0
755,1.0
756,1.0
757,0.0
758,0.6903138490185184
759,0.0
760,0.9293705152777778
761,0.0
762,0.6297388637777778
763,0.0
764,0.0
765,0.0
766,0.0
767,0.0
768,0.0
769,0.0
770,0.0
771,0.0
772,1.0
773,0.4997924328333333
774,0.0
775,0.9399907287134865
776,1.0
777,0.0
778,0.0
779,0.6758828778703704
780,0.9456566013888889
781,0.0
782,0.0
783,0.0
784,0.0
785,0.7628555225
786,0.0
787,0.0
788,0.0
789,0.0
790,0.7802534473333333
791,0.8632124984444445
792,0.0
793,0.7449417425714286
794,0.8125632456296298
795,0.9154214115873015
796,0.9743474259999999
797,0.9381641584539347
798,0.7209215186451212
799,0.9695092383333334
800,0.830349953594365
801,1.0
802,0.0
803,0.926616390304537
804,0.0
805,0.0
806,0.90336140741453
807,1.0
808,1.0
809,1.0
810,0.8531920698428732
811,0.9195935863519197
812,0.9640002162263374
813,0.9612605196415771
814,0.8878769070987653
815,1.0
816,0.9834513507407406
817,0.817872178888889
818,0.9722673523555555
819,0.7597277835612181
820,0.8698880683309164
821,1.0
822,1.0
823,0.7614806854012346
824,1.0
825,1.0
826,0.9829950118751665
827,0.7568407164659198
828,1.0
829,1.0
830,1.0
831,1.0
832,0.7094086604938271
833,1.0
834,0.8047200791842184
835,0.8999323275556477
836,1.0
837,0.5523036355021368
838,0.7162522652716049
839,0.9636640337338581
840,1.0
841,0.762349657
842,0.0
843,1.0
844,0.8342673376111112
845,0.4583038643049513
846,0.81789755025
847,0.8777075462962962
848,0.0
849,0.0
850,0.7890588808888889
851,1.0
852,0.7643491026666667
853,1.0
854,0.0
855,1.0
856,0.0
857,1.0
858,1.0
859,1.0
860,1.0
861,0.9408288677777777
862,1.0
863,1.0
864,1.0
865,1.0
866,1.0
867,1.0
868,1.0
869,0.8372141046111111
870,1.0
871,1.0
872,1.0
873,0.8251851315555555
874,1.0
875,1.0
876,1.0
877,1.0
878,1.0
879,1.0
880,1.0
881,1.0
882,1.0
883,0.0
884,1.0
885,1.0
886,1.0
887,1.0
888,1.0
889,1.0
890,1.0
891,1.0
892,1.0
893,1.0
894,0.0
895,0.0
896,0.8677030326111111
897,1.0
898,0.0
899,1.0
900,1.0
901,1.0
902,1.0
903,0.9456108607140391
904,0.0
905,1.0
906,1.0
907,0.6895703196234145
908,0.0
909,0.9789475842483254
910,0.8706774080691941
911,0.0
912,0.5282575392222222
913,1.0
914,0.0
915,1.0
916,0.7115069132818869
917,1.0
918,0.9453428453271058
919,0.7742333886818181
920,0.9209933012345678
921,0.7361651730567901
922,0.6346500069758597
923,0.8083994255709875
924,0.5997982288935787
925,0.4215256822042676
926,1.0
927,0.6390718299316301
928,0.0
929,0.763357213037037
930,0.0
931,0.7554245773055556
932,0.0
933,0.7290661004444444
934,1.0
935,0.336285493
936,0.8328424108333333
937,0.8785331043073593
938,0.9533011970138889
939,0.0
940,0.0
941,1.0
942,0.0
943,0.0
944,0.0
945,0.0
946,0.0
947,0.6466254401666667
948,0.0
949,0.8356545066293763
950,1.0
951,0.8265290433333332
952,0.0
953,0.46536973758333333
954,0.7458753690833333
955,0.8102402869967543
956,0.0
957,0.98533627981493
958,0.8191211352469137
959,0.8952642072475324
960,1.0
961,0.9594003036111111
962,0.9414392196580637
963,1.0
964,1.0
965,0.9432777296457426
966,0.7997089097407407
967,1.0
968,1.0
969,0.8308568193703704
970,0.9540645783827387
971,1.0
972,0.9336447051861656
973,0.9397954881666667
974,0.946034321884701
975,0.9509472676122931
976,0.934523652024319
977,0.9217109372592592
978,0.7558494523015873
979,1.0
980,1.0
981,0.0
982,0.0
983,0.0
984,1.0
985,1.0
986,0.0
987,1.0
988,1.0
989,0.9809367417944843
990,0.8941809571162213
991,1.0
992,0.8578058695762262
993,0.7480053815000001
994,0.9131061601178555
995,0.0
996,0.8977182662996831
997,1.0
998,0.0
999,0.8813865272222222
1000,0.5006913341620054
1001,0.5484195395690905
1002,0.0
1003,0.0
1004,0.0
1005,0.9106425218562253
1006,0.0
1007,0.0
1008,0.0
1009,0.6847676186666667
1010,0.0
1011,1.0
1012,0.0
1013,1.0
1014,1.0
1015,0.9170183676666667
1016,0.0
1017,0.7023384153333333
1018,0.0
1019,0.0
1020,0.8648151620833333
1021,0.0
1022,0.9187222543703704
1023,0.7953468875185186
1024,0.8706495967777778
1025,0.853645908169192
1026,0.9513870532407408
1027,0.8386199407407408
1028,0.9288195906349207
1029,0.9296319038492064
1030,0.8722545231666666
1031,0.832300096565171
1032,0.7955663131379732
1033,0.8051105721450617
1034,0.6907600682280702
1035,0.7787690038999999
1036,1.0
1037,0.7437494118483245
1038,1.0
1039,1.0
1040,0.9732399216666666
1041,1.0
1042,0.971024625138889
1043,1.0
1044,0.8629209579444445
1045,0.0
1046,1.0
1047,0.57959393225
1048,0.8820657394166667
1049,0.8293634495000001
1050,0.7783410275092594
1051,0.8877426644166666
1052,0.7910261314444446
1053,0.7382712013333333
1054,0.5172101735363248
1055,0.5833292128148148
1056,0.8464058066975308
1057,0.8234790302777777
1058,0.9005689972222222
1059,0.9477173483333333
1060,0.5382317131388888
1061,0.6276313263148149
1062,0.7801312027083334
1063,0.7925903857354496
1064,0.5602036931666666
1065,0.8835538074718596
1066,0.9251565480629791
1067,0.7107314075833333
1068,0.727721605358746
1069,0.7368014583333333
1070,0.5940497952222222
1071,1.0
1072,0.0
1073,0.9952639066666666
1074,0.0
1075,0.0
1076,0.9816658013333334
1077,0.6413252898749999
1078,1.0
1079,1.0
1080,0.0
1081,0.8734582788869898
1082,0.0
1083,1.0
1084,0.546390921794075
1085,1.0
1086,1.0
1087,1.0
1088,1.0
1089,0.0
1090,1.0
1091,1.0
1092,1.0
1093,1.0
1094,0.9718556689224961
1095,0.8951257271597266
1096,1.0
1097,1.0
1098,0.8666511850470732
1099,0.9639677739566789
1100,1.0
1101,0.6197919135591466
1102,0.7963633492222222
1103,1.0
1104,1.0
1105,0.0
1106,1.0
1107,0.0
1108,0.0
1109,1.0
1110,0.9874429808496732
1111,0.9598529645925926
1112,0.9228510311538461
1113,0.9274120919166666
1114,0.9836934157407408
1115,1.0
1116,0.71939303975
1117,0.7268827425
1118,0.9134240897777778
1119,0.7366923930185186
1120,0.0
1121,0.0
1122,1.0
1123,0.0
1124,0.0
1125,0.0
1126,0.0
1127,0.0
1128,0.0
1129,0.7722583931666667
1130,1.0
1131,0.7665984469166667
1132,0.805261809088889
1133,0.9565866131712819
1134,0.9364263397095044
1135,0.7605196882142857
1136,0.0
1137,1.0
1138,1.0
1139,1.0
1140,0.0
1141,1.0
1142,0.9824146552033698
1143,0.9155839586181893
1144,1.0
1145,1.0
1146,0.0
1147,0.9252504036666667
1148,0.0
1149,1.0
1150,0.936711521
1151,0.0
1152,0.0
1153,1.0
1154,0.9859195898701119
1155,0.7759320939917989
1156,0.8749899695194469
1157,0.46536973758333333
1158,0.8610740667848291
1159,0.8853848328333334
1160,0.6967723924166667
1161,0.8700402676610732
1162,0.37978029716666667
1163,0.0
1164,0.7561702221666666
1165,0.8715951865663053
1166,0.0
1167,0.9595826181433141
1168,0.0
1169,0.0
1170,1.0
1171,0.0
1172,0.0
1173,0.0
1174,0.99022949
1175,0.7641662119999999
1176,0.7865684681997099
1177,0.0
1178,0.0
1179,0.0
1180,0.0
1181,0.0
1182,1.0
1183,0.0
1184,0.7180508922726331
1185,0.0
1186,1.0
1187,0.0
1188,0.9367631581196582
1189,1.0
1190,0.0
1191,0.0
1192,0.7820354811666668
1193,0.8467025387777778
1194,1.0
1195,0.0
1196,0.6683737522961122
1197,0.7884940934111112
1198,0.9825130951111111
1199,0.94588204025
1200,1.0
1201,0.8533732737222222
1202,0.9114244696666667
1203,0.9190344898611111
1204,0.9470201263888889
1205,1.0
1206,0.0
1207,0.9558450551851853
1208,0.0
1209,0.8971446014166666
1210,0.9789042797777778
1211,1.0
1212,0.9314527585555555
1213,0.9751104486666667
1214,0.6527740224722223
1215,0.0
1216,0.9401268012222223
1217,0.919010206037037
1218,0.8674799843333334
1219,0.8352198311666668
1220,0.8680514959444445
1221,0.8573782111111111
1222,0.0
1223,0.8354624582738094
1224,0.8666853181666667
1225,0.7565507145555556
1226,0.8292466017592593
1227,0.8876485872962964
1228,0.8738010137222222
1229,0.9699417616186728
1230,0.7076878065740739
1231,0.8016276838888888
1232,0.9485750562806435
1233,0.7423771237222222
1234,0.9924366450521372
1235,0.7899172410864197
1236,0.8222700580000001
1237,0.7410669836666667
1238,1.0
1239,1.0
1240,0.7990719531915382
1241,0.6917867488333334
1242,0.8955013859166667
1243,0.9177806326666667
1244,0.8721127407407407
1245,1.0
1246,0.9049757826666667
1247,0.8021576033611111
1248,0.0
1249,0.8247076277916667
1250,1.0
1251,0.0
1252,0.0
1253,0.0
1254,0.7946018811944444
1255,1.0
1256,0.7464832785833333
1257,0.7012998686666666
1258,0.7135875256739452
1259,0.9769925468888889
1260,1.0
1261,0.9241879982363317
1262,0.5229065515
1263,0.9566594056220322
1264,0.0
1265,1.0
1266,0.0
1267,1.0
1268,1.0
1269,0.0
1270,0.0
1271,0.0
1272,0.9374677496869209
1273,1.0
1274,0.9973664547030975
1275,0.9529491017929294
1276,1.0
1277,1.0
1278,1.0
1279,1.0
1280,1.0
1281,0.9933822236033424
1282,0.9820250932256059
1283,1.0
1284,1.0
1285,0.8825175488571232
1286,0.843405294385747
1287,1.0
1288,1.0
1289,0.8516813244063283
1290,0.9543173213175886
1291,0.7321941151052632
1292,0.9894161586446608
1293,0.756781399190476
1294,0.0
1295,1.0
1296,0.9554040156111111
1297,1.0
1298,0.0
1299,0.9711250144444444
1300,0.0
1301,0.9562325408888889
1302,1.0
1303,0.0
1304,0.7643491026666667
1305,1.0
1306,1.0
1307,0.8671384724320989
1308,0.0
1309,0.6853046972380952
1310,0.0
1311,0.0
1312,1.0
1313,1.0
1314,1.0
1315,1.0
1316,0.0
1317,1.0
1318,1.0
1319,1.0
1320,1.0
1321,1.0
1322,0.8469245855776535
1323,1.0
1324,0.0
1325,0.9017363873333334
1326,0.913945189627788
1327,0.6585275481944444
1328,0.0
1329,0.0
1330,0.0
1331,0.0
1332,0.0
1333,0.6926556979999999
1334,0.0
1335,0.0
1336,0.0
1337,1.0
1338,0.0
1339,0.0
1340,0.0
1341,1.0
1342,0.9032460070416667
1343,0.0
1344,0.9347680094444444
1345,0.3641466798333333
1346,0.5305099456666666
1347,0.9675110726666667
1348,0.921859460037037
1349,0.8981967173931623
1350,0.7796280258580247
1351,0.9919107812962963
1352,1.0
1353,1.0
1354,0.8356033406944444
1355,0.9604973081111111
1356,0.8521560079040404
1357,0.9198795764444445
1358,0.8243604008333334
1359,0.7598276684444444
1360,0.9166324422222223
1361,1.0
1362,1.0
1363,1.0
1364,1.0
1365,1.0
1366,1.0
1367,0.0
1368,1.0
1369,1.0
1370,1.0
1371,1.0
1372,1.0
1373,0.0
1374,1.0
1375,1.0
1376,0.991656214
1377,0.9038836248333334
1378,0.70617143975
1379,0.9990062329629629
1380,0.8800800058148148
1381,0.0
1382,0.8853465959993554
1383,0.8832092158000138
1384,0.0
1385,0.0
1386,0.7433431300925926
1387,0.0
1388,0.7396093711851851
1389,1.0
1390,0.0
1391,0.7023384153333333
1392,1.0
1393,0.0
1394,1.0
1395,0.0
1396,0.0
1397,0.0
1398,1.0
1399,0.9666897643589744
1400,1.0
1401,0.9790324111111111
1402,1.0
1403,0.9452090819047618
1404,1.0
1405,0.8008035122834758
1406,1.0
1407,0.8862905455015433
1408,0.9301420980158731
1409,1.0
1410,0.0
1411,0.8734070876759259
1412,0.9727450112275132
1413,1.0
1414,0.9398976511111111
1415,0.8547777397698413
1416,0.7229581438888889
1417,0.0
1418,0.0
1419,0.0
1420,0.0
1421,1.0
1422,0.5142286353333333
1423,0.0
1424,0.0
1425,1.0
1426,1.0
1427,0.0
1428,0.7172950598703705
1429,0.944371829047619
1430,0.691740263
1431,0.0
1432,0.0
1433,1.0
1434,0.841546217
1435,1.0
1436,0.8525786611666667
1437,0.0
1438,0.8834996983333333
1439,0.7235570008888889
1440,0.0
1441,0.0
1442,0.9801581271666666
1443,0.7079562007037038
1444,0.7633003008888888
1445,1.0
1446,0.0
1447,0.9791419343333333
1448,0.9725885925
1449,0.0
1450,0.0
1451,0.0
1452,0.9995998191666666
1453,0.0
1454,0.0
1455,0.0
1456,0.5527350071666667
1457,0.0
1458,0.9529867183205579
1459,0.8429114112285062
1460,0.7046662611352806
1461,0.0
1462,0.6435669745
1463,0.8878768224166667
1464,0.8606476583108901
1465,0.0
1466,0.7816868180000001
1467,0.8641848574166666
1468,0.7543955901666667
1469,0.6247999797500001
1470,0.7512167228333334
1471,0.98476386725
1472,0.0
1473,0.7518426784166666
1474,0.0
1475,1.0
1476,0.0
1477,1.0
1478,1.0
1479,0.7685029765555556
1480,1.0
1481,0.0
1482,1.0
1483,0.9924592995061728
1484,0.9814261701539948
1485,0.808235393888889
1486,1.0
1487,0.631536295
1488,0.959866240985725
1489,0.9855946925586062
1490,0.9813714126126126
1491,0.8796133290343916
1492,0.8763876175648148
1493,1.0
1494,0.0
1495,1.0
1496,1.0
1497,0.0
1498,1.0
1499,0.0
1500,1.0
1501,0.0
1502,1.0
1503,1.0
1504,0.0
1505,1.0
1506,0.8102474121550077
1507,0.9982413860071286
1508,1.0
1509,0.9638960625762493
1510,0.0
1511,0.0
1512,0.9856929278923778
1513,1.0
1514,0.999884467923486
1515,0.8808061843333334
1516,1.0
1517,0.0
1518,0.9369976333816724
1519,0.0
1520,1.0
1521,1.0
1522,0.0
1523,0.0
1524,0.0
1525,0.9092365705555556
1526,0.0
1527,0.0
1528,1.0
1529,1.0
1530,1.0
1531,0.0
1532,1.0
1533,0.0
1534,1.0
1535,1.0
1536,1.0
1537,0.0
1538,1.0
1539,0.0
1540,1.0
1541,0.9983182137513524
1542,1.0
1543,0.9617036939783165
1544,1.0
1545,1.0
1546,1.0
1547,1.0
1548,1.0
1549,0.8590494596666667
1550,0.9722107009184449
1551,1.0
1552,0.0
1553,0.837645583
1554,1.0
1555,1.0
1556,0.9448959466329967
1557,0.8743576838888889
1558,1.0
1559,0.9326942689313271
1560,0.9928220079916631
1561,1.0
1562,0.9942271254862693
1563,1.0
1564,0.8399017572476554
1565,1.0
1566,0.8421039387818521
1567,1.0
1568,1.0
1569,0.920228876968254
1570,0.9970727736344175
1571,0.0
1572,0.0
1573,0.8378768760740741
1574,0.5266459233333334
1575,1.0
1576,0.9144707717916667
1577,0.0
1578,0.8218004824444445
1579,0.6057919508333334
1580,0.0
1581,0.0
1582,0.0
1583,0.0
1584,0.0
1585,0.0
1586,0.70820563
1587,0.0
1588,0.0
1589,0.0
1590,0.0
1591,0.0
1592,0.6582423304583334
1593,0.6917549756666667
1594,0.6124539869333334
1595,0.936566582
1596,0.0
1597,0.0
1598,0.5702301971666667
1599,0.0
1600,0.0
1601,0.0
1602,0.6068761650666665
1603,0.0
1604,0.4366250771666667
1605,1.0
1606,0.0
1607,1.0
1608,0.0
1609,0.6747406006666666
1610,0.7323782380833332
1611,0.0
1612,0.7323782380833332
1613,1.0
1614,0.0
1615,0.8852005845833333
1616,1.0
1617,0.0
1618,0.0
1619,0.9127575783333334
1620,1.0
1621,0.6897907923333333
1622,1.0
1623,0.0
1624,0.0
1625,0.0
1626,0.0
1627,0.7248776701481482
1628,0.0
1629,0.0
1630,0.0
1631,0.7320202597592593
1632,0.0
1633,0.0
1634,0.9039111555833333
1635,0.9564802925
1636,1.0
1637,0.8417845073333333
1638,0.5208284251087631
1639,1.0
1640,1.0
1641,0.7077010179200331
1642,0.9730112137973896
1643,1.0
1644,0.8377722094444444
1645,0.8394650468333332
1646,0.6888763514999999
1647,0.7012967801111111
1648,0.6824330721111111
1649,0.7218782218333334
1650,0.8404683582222223
1651,0.8149605780833333
1652,0.9320151393333334
1653,0.9188828735555555
1654,0.6773134679999999
1655,0.8408802747222222
1656,0.0
1657,0.0
1658,0.7609455507499999
1659,0.0
1660,0.0
1661,1.0
1662,1.0
1663,0.7453209954444445
1664,0.7170063285833334
1665,0.0
1666,1.0
1667,0.0
1668,1.0
1669,1.0
1670,0.865398047
1671,0.6616754135219846
1672,0.9336122618585859
1673,0.0
1674,1.0
1675,0.0
1676,0.0
1677,0.0
1678,0.0
1679,0.0
1680,0.0
1681,0.0
1682,0.0
1683,1.0
1684,0.5911118923333334
1685,1.0
1686,0.7096826833954837
1687,0.0
1688,1.0
1689,0.842073863409586
1690,0.8535777025514916
1691,1.0
1692,0.9533389799405095
1693,0.7888969703103249
1694,0.8600658552619143
1695,0.8754749628888888
1696,1.0
1697,0.9340252491388888
1698,0.9473747497595552
1699,0.8862051525995246
1700,0.9945185834211546
1701,1.0
1702,0.7997950245753968
1703,1.0
1704,0.6440512316666666
1705,1.0
1706,0.7722169161295822
1707,1.0
1708,0.7622700100871459
1709,0.7030383403804713
1710,1.0
1711,1.0
1712,0.8300538321939093
1713,0.7659818348157356
1714,0.8981062659432402
1715,1.0
1716,0.8929093232625397
1717,0.9784374046572824
1718,0.9259597213014756
1719,1.0
1720,0.0
1721,0.9833703195723551
1722,0.0
1723,1.0
1724,0.7490676333333333
1725,1.0
1726,1.0
1727,0.8621087598888889
1728,1.0
1729,1.0
1730,0.7003159255
1731,1.0
1732,1.0
1733,0.0
1734,1.0
1735,0.0
1736,1.0
1737,0.0
1738,0.0
1739,0.0
1740,0.0
1741,0.0
1742,1.0
1743,0.0
1744,0.0
1745,0.0
1746,0.0
1747,0.7871734127222222
1748,0.5434427077777778
1749,1.0
1750,1.0
1751,0.9729082565185186
1752,0.0
1753,0.8911292972962963
1754,1.0
1755,0.0
1756,0.0
1757,1.0
1758,0.0
1759,0.8432696416666666
1760,0.79943535375
1761,0.0
1762,0.0
1763,1.0
1764,0.7100724666666667
1765,0.0
1766,0.8624108692407407
1767,0.927340866
1768,0.0
1769,0.9683364356743318
1770,0.8523232903459705
1771,0.0
1772,1.0
1773,1.0
1774,0.8561574353333333
1775,1.0
1776,1.0
1777,1.0
1778,0.8173581948069885
1779,0.696320922537037
1780,0.9392928637222222
1781,1.0
1782,0.6556912745555556
1783,0.0
1784,0.802533829500725
1785,0.9599070409502106
1786,0.9310902420511606
1787,0.8842876479179614
1788,0.9180459206776694
1789,1.0
1790,1.0
1791,0.9639616363510807
1792,1.0
1793,0.885652811995028
1794,1.0
1795,1.0
1796,0.0
1797,0.9007378774255921
1798,1.0
1799,1.0
1800,1.0
1801,0.0
1802,0.9877036695670188
1803,0.0
1804,0.0
1805,0.0
1806,0.0
1807,0.7872026648888889
1808,0.7404059972222222
1809,0.0
1810,0.0
1811,0.7785605545185185
1812,1.0
1813,1.0
1814,1.0
1815,0.0
1816,0.0
1817,0.0
1818,0.8737614834444445
1819,0.0
1820,0.0
1821,0.9630155903333333
1822,1.0
1823,1.0
1824,0.0
1825,1.0
1826,1.0
1827,0.0
1828,1.0
1829,0.0
1830,0.0
1831,0.0
1832,0.8582771910833333
1833,0.8902127314999999
1834,0.603568279
1835,0.7499052834325397
1836,1.0
1837,0.8540064834444445
1838,0.9267668048333334
1839,0.5716488496666667
1840,0.7048855333888888
1841,1.0
1842,1.0
1843,0.9524832604444443
1844,0.0
1845,0.0
1846,0.0
1847,0.0
1848,0.0
1849,0.901606010597643
1850,0.9237192051358024
1851,1.0
1852,0.8269923004653371
1853,0.0
1854,0.8490947693820559
1855,0.8287654003148148
1856,1.0
1857,0.9008422540032678
1858,0.8300764573888889
1859,1.0
1860,1.0
1861,1.0
1862,1.0
1863,1.0
1864,1.0
1865,1.0
1866,0.0
1867,0.0
1868,0.0
1869,0.0
1870,0.7820039853333333
1871,0.8559410764285715
1872,0.9668801779084967
1873,1.0
1874,0.7610599699591503
1875,0.8034504747255024
1876,0.9826093988181558
1877,0.0
1878,0.8754906077976191
1879,0.8425752710000001
1880,1.0
1881,0.50486488675
1882,0.0
1883,0.0
1884,0.0
1885,1.0
1886,0.7532631578333333
1887,0.8047465387749465
1888,1.0
1889,0.914681985625
1890,0.3641466798333333
1891,0.0
1892,0.0
1893,1.0
1894,1.0
1895,0.340992333
1896,0.961817725
1897,0.0
1898,0.5889797563194444
1899,0.7530643579417989
1900,0.9833453061111112
1901,0.7602335232328042
1902,0.9309357218055556
1903,0.0
1904,0.7987411728611111
1905,0.8743745866388889
1906,1.0
1907,1.0
1908,0.8446346530833333
1909,1.0
1910,0.0
1911,0.0
1912,0.8780621712407407
1913,0.84677888475
1914,0.0
1915,0.0
1916,0.5555322251666667
1917,0.73660040325
1918,0.7352829026666667
1919,0.6123272226666666
1920,0.6227654046666667
1921,0.8248816018333334
1922,0.8369555025416666
1923,0.637972285079365
1924,0.7756990031481482
1925,1.0
1926,1.0
1927,1.0
1928,1.0
1929,0.9656565965748222
1930,0.8642993864519141
1931,1.0
1932,1.0
1933,0.0
1934,1.0
1935,0.0
1936,0.564347827325461
1937,1.0
1938,1.0
1939,1.0
1940,1.0
1941,0.9722528009805953
1942,0.9132394583419654
1943,1.0
1944,1.0
1945,0.8917091736585872
1946,0.7651506020820386
1947,1.0
1948,0.0
1949,0.7242983809819764
1950,1.0
1951,1.0
1952,0.9616493634762793
1953,1.0
1954,0.7623837839237622
1955,0.9808131671221076
1956,0.802960501096675
1957,0.9075202837434492
1958,0.915552755388889
1959,1.0
1960,1.0
1961,0.9024985251363855
1962,0.7308503980555556
1963,0.9490502971710058
1964,0.7133259131666666
1965,1.0
1966,1.0
1967,0.8564745485217081
1968,0.9065359314074074
1969,0.7350007062777777
1970,1.0
1971,0.8786059602777777
1972,1.0
1973,1.0
1974,0.8832092158000138
1975,0.5605636404444444
1976,0.8786560877222223
1977,0.9271890743535863
1978,1.0
1979,0.9390867834058421
1980,0.0
1981,0.8418904653333333
1982,0.8660543270492369
1983,0.9187076797700435
1984,0.0
1985,0.0
1986,0.7645920828672054
1987,0.0
1988,0.6079823839761904
1989,0.9951394016666666
1990,1.0
1991,0.7973597493333333
1992,0.7272336522222222
1993,1.0
1994,1.0
1995,1.0
1996,0.985164075
1997,0.9908953541666666
1998,0.9302516449999999
1999,0.0
2000,0.0
2001,0.0
2002,0.0
2003,1.0
2004,1.0
2005,0.9347730586772487
2006,1.0
2007,0.0
2008,0.5122899445833333
2009,0.9242296546666666
2010,1.0
2011,0.9064652183333333
2012,0.9575677690000001
2013,0.0
2014,0.9598171966666666
2015,0.0
2016,0.9194747556666667
2017,0.0
2018,0.7988196134722223
2019,0.0
2020,0.0
2021,0.0
2022,0.0
2023,0.0
2024,0.8908294545833333
2025,0.0
2026,0.0
2027,0.0
2028,0.0
2029,0.0
2030,0.0
2031,0.0
2032,0.0
2033,0.0
2034,0.0
2035,0.0
2036,0.0
2037,1.0
2038,1.0
2039,0.0
2040,0.0
2041,0.0
2042,0.0
2043,1.0
2044,0.0
2045,0.0
2046,0.0
2047,1.0
2048,0.8520064733333333
2049,0.9116899488333334
2050,1.0
2051,0.9116899488333334
2052,0.0
2053,0.775537174
2054,0.5136630716666667
2055,1.0
2056,1.0
2057,0.780339635
2058,1.0
2059,0.0
2060,0.8582771910833333
2061,0.0
2062,0.0
2063,0.0
2064,0.78464793825
2065,1.0
2066,0.935132155962963
2067,0.0
2068,0.0
2069,0.9198593305555556
2070,0.0
2071,0.0
2072,0.8660947308518518
2073,0.9325877933333333
2074,1.0
2075,0.956478289425224
2076,0.5199429171527777
2077,1.0
2078,0.0
2079,0.9050349381666667
2080,0.0
2081,1.0
2082,0.5762599598611111
2083,0.0
2084,0.0
2085,1.0
2086,0.683962054375
2087,0.7041352131666667
2088,0.0
2089,0.0
2090,0.7364937886666667
2091,0.9998564705
2092,0.0
2093,0.7105249756666667
2094,0.0
2095,0.0
2096,0.0
2097,1.0
2098,0.0
2099,0.0
2100,0.0
2101,0.0
2102,0.0
2103,1.0
2104,0.0
2105,1.0
2106,0.0
2107,0.0
2108,1.0
2109,0.9484857167973857
2110,1.0
2111,0.9970258957139241
2112,0.0
2113,0.9628296514444443
2114,0.6873324553611111
2115,1.0
2116,1.0
2117,0.5778565248333333
2118,0.0
2119,0.0
2120,0.9263881120833334
2121,0.8549821712962963
2122,0.7762663595555556
2123,0.0
2124,1.0
2125,0.0
2126,0.0
2127,0.0
2128,0.0
2129,0.0
2130,0.0
2131,0.0
2132,0.7034769985555556
2133,1.0
2134,0.88674113325
2135,0.0
2136,0.9621928804166666
2137,1.0
2138,0.94033318125
2139,0.0
2140,0.0
2141,0.0
2142,0.0
2143,0.9892238280702793
2144,0.9579858756794617
2145,0.8363133741666666
2146,0.7255943193333334
2147,0.8024216339166667
2148,0.7238968913672323
2149,0.9881644033561218
2150,0.0
2151,0.9889916976843219
2152,1.0
2153,0.0
2154,0.8013652330000001
2155,0.0
2156,1.0
2157,1.0
2158,1.0
2159,0.9649616160660841
2160,0.9906674702483715
2161,0.9680238515833334
2162,0.9449424297124969
2163,0.0
2164,0.9996655761666666
2165,0.8098077906666665
2166,0.0
2167,0.8587056770062338
2168,0.0
2169,0.8951736645
2170,0.7890628771723867
2171,0.0
2172,0.8812315041666667
2173,1.0
2174,0.8690344147158345
2175,1.0
2176,0.8401148840779872
2177,0.9558212268489745
2178,1.0
2179,0.852064265873016
2180,0.8822255693589744
2181,0.9166232047222223
2182,0.9841903771428572
2183,0.7837442407675069
2184,1.0
2185,0.0
2186,0.0
2187,0.8180724605
2188,0.0
2189,0.0
2190,0.0
2191,0.8275628025833334
2192,0.0
2193,0.0
2194,0.0
2195,0.0
2196,0.0
2197,0.0
2198,0.0
2199,1.0
2200,0.0
2201,0.0
2202,1.0
2203,0.0
2204,0.0
2205,1.0
2206,0.9600642843589743
2207,0.918501792063492
2208,0.0
2209,0.5442742184325396
2210,0.6583907765577884
2211,0.0
2212,0.5759096592868816
2213,0.0
2214,0.0
2215,0.0
2216,0.5695921327256405
2217,0.0
2218,0.5492645184206891
2219,0.45655710565568675
2220,0.6765342789172019
2221,0.8724091471019731
2222,0.49974944197569227
2223,0.9090022354917874
2224,0.5757204702713901
2225,0.684108971721566
2226,0.0
2227,0.0
2228,1.0
2229,0.8214609274221394
2230,0.0
2231,0.0
2232,1.0
2233,1.0
2234,0.9893714865555555
2235,0.0
2236,1.0
2237,0.7666734595661375
2238,1.0
2239,0.9695367037777777
2240,1.0
2241,0.9325916772839506
2242,0.0
2243,0.0
2244,0.9601341866666666
2245,0.9364102430740742
2246,0.5005829655
2247,0.0
2248,0.7483358521666666
2249,0.846960726275641
2250,1.0
2251,0.8335331341587303
2252,0.8886043942962963
2253,0.5140806708981481
2254,1.0
2255,0.9265376975555556
2256,0.0
2257,0.7902666991468253
2258,0.7612754392652441
2259,0.8960888039259259
2260,0.0
2261,0.0
2262,0.9066171394166667
2263,1.0
2264,0.0
2265,0.0
2266,0.9639027856666667
2267,0.9904266519999999
2268,0.0
2269,1.0
2270,0.0
2271,0.0
2272,0.0
2273,0.0
2274,0.7934006064444444
2275,0.5934692994444445
2276,0.0
2277,0.0
2278,0.0
2279,0.0
2280,1.0
2281,1.0
2282,1.0
2283,1.0
2284,1.0
2285,0.0
2286,0.9672208572563062
2287,1.0
2288,1.0
2289,1.0
2290,1.0
2291,1.0
2292,0.9178665756936019
2293,0.7488479825833333
2294,0.9478511445514812
2295,0.6303194401666667
2296,0.8806408044661062
2297,0.0
2298,0.0
2299,1.0
2300,0.9684424716666666
2301,0.0
2302,0.9597969931634555
2303,0.6603550513333333
2304,1.0
2305,1.0
2306,0.8141187383333334
2307,1.0
2308,0.8783084117222222
2309,0.9791124997777777
2310,0.8461944091111112
2311,0.9885762538498722
2312,0.7585245517222222
2313,1.0
2314,1.0
2315,0.9704402007458048
2316,1.0
2317,1.0
2318,0.8431695095
2319,1.0
2320,0.0
2321,0.9746140644444444
2322,0.9682978686666667
2323,0.9955561196663827
2324,0.9253051516296296
2325,0.9257314313333334
2326,0.9208619550769231
2327,0.9165081101666667
2328,0.0
2329,0.6999778285007122
2330,0.9720912145833333
2331,0.8870424721481481
2332,0.7868356631111112
2333,0.0
2334,0.8570145052050263
2335,0.6992088678888889
2336,1.0
2337,0.917412609925926
2338,0.832931901888889
2339,0.0
2340,0.0
2341,1.0
2342,0.0
2343,0.7937541084444444
2344,0.8568269497592592
2345,0.0
2346,0.0
2347,1.0
2348,0.9977562551362684
2349,1.0
2350,1.0
2351,1.0
2352,1.0
2353,1.0
2354,0.9906490426447387
2355,0.9718924772779185
2356,1.0
2357,0.960610683054747
2358,1.0
2359,0.7539019291298059
2360,1.0
2361,0.5802755285555555
2362,0.827924205
2363,0.9243827235000001
2364,1.0
2365,1.0
2366,0.780582011691887
2367,0.9623924245061728
2368,1.0
2369,1.0
2370,0.9275908365784833
2371,0.0
2372,0.0
2373,0.0
2374,0.0
2375,0.854066511600529
2376,0.0
2377,0.0
2378,0.6864205877354497
2379,1.0
2380,0.0
2381,1.0
2382,0.0
2383,0.0
2384,1.0
2385,0.0
2386,0.7031940143333333
2387,0.8472773735185185
2388,1.0
2389,0.6117988568333333
2390,0.0
2391,0.0
2392,0.0
2393,0.0
2394,0.6265760725
2395,1.0
2396,0.8259681995833333
2397,0.0
2398,0.0
2399,0.0
2400,0.0
2401,0.721445678111111
2402,1.0
2403,0.0
2404,0.0
2405,0.5945631667777779
2406,0.0
2407,0.9209452326666667
2408,0.0
2409,0.0
2410,0.25226621483333334
2411,0.7313184827499999
2412,0.9943192211863822
2413,0.8544691691666666
2414,0.8255034935
2415,0.9528572046129411
2416,1.0
2417,1.0
2418,0.92563052875
2419,0.9434809258333333
2420,0.7871734127222222
2421,0.32010701677777775
2422,0.0
2423,1.0
2424,1.0
2425,0.7277212183002645
2426,0.7455340205294118
2427,0.8442924851481481
2428,0.761071736
2429,0.8691113686962214
2430,0.7973597493333333
2431,1.0
2432,0.8685406414372471
2433,0.0
2434,0.0
2435,1.0
2436,0.0
2437,0.0
2438,0.0
2439,0.5263970556666666
2440,0.5681086976666666
2441,0.0
2442,0.0
2443,0.9951961479537683
2444,0.7894403483703704
2445,0.8381137564285716
2446,0.7582998929333332
2447,0.8063324642140524
2448,0.7209211906186406
2449,0.8746780653594771
2450,0.8046708621230159
2451,1.0
2452,0.0
2453,0.8248343170833333
2454,0.0
2455,0.8465497737518038
2456,0.8198073261904762
2457,0.752012295
2458,0.8205505881111111
2459,0.8615497935185186
2460,0.7906750992037037
2461,0.6002413013888889
2462,0.6839383401666667
2463,0.8436837161333332
2464,0.8397777680308641
2465,0.8125106302296295
2466,0.8580456459920635
2467,0.614157648392256
2468,0.6183350194722222
2469,0.7892779583333334
2470,0.7853254580888889
2471,0.8955798214814815
2472,0.6362093601111112
2473,0.7981773174090186
2474,0.0
2475,1.0
2476,0.6764077598333333
2477,0.0
2478,1.0
2479,0.9126766695661376
2480,0.886573644037037
2481,0.0
2482,0.7558532946250001
2483,0.9598719225751543
2484,0.7856965758847737
2485,0.6897212200555556
2486,0.0
2487,0.7334255199259259
2488,0.47063095266666666
2489,0.8948149325925927
2490,0.5595127965
2491,0.949272474888889
2492,0.735000334437037
2493,0.9028225064166667
2494,0.9024230349722222
2495,0.6560210641150794
2496,0.6709774799999999
2497,0.8750052060833333
2498,0.9114362077777778
2499,0.8494505303888888
2500,0.8050330729999999
2501,0.6028447215
2502,1.0
2503,1.0
2504,0.7843960707777777
2505,0.5617506513333334
2506,1.0
2507,0.8176130425
2508,0.8644725451851851
2509,0.0
2510,0.6773022920833333
2511,0.0
2512,0.0
2513,0.8786026288182215
2514,0.8732831839257352
2515,0.9865005771826406
2516,0.4230237481666667
2517,1.0
2518,0.9267765262777778
2519,1.0
2520,1.0
2521,0.0
2522,1.0
2523,1.0
2524,0.8769479438888889
2525,0.9766089377777778
2526,0.0
2527,0.9603531839651959
2528,1.0
2529,1.0
2530,1.0
2531,0.8527835275000001
2532,0.0
2533,1.0
2534,1.0
2535,0.0
2536,1.0
2537,0.2877000178333333
2538,0.0
2539,0.0
2540,0.466453219074074
2541,0.8664891766222407
2542,1.0
2543,1.0
2544,0.0
2545,1.0
2546,1.0
2547,1.0
2548,0.8510771966847042
2549,0.860823858625
2550,0.0
2551,0.8593911397222223
2552,0.9438875756666667
2553,0.8350881159166667
2554,0.7364361296666667
2555,0.7804309946666667
2556,0.8773695315555555
2557,0.8812319160833333
2558,0.9438875756666667
2559,1.0
2560,0.0
2561,1.0
2562,1.0
2563,0.0
2564,1.0
2565,0.0
2566,0.36169069833333334
2567,0.0
2568,1.0
2569,0.0
2570,0.9656507213532763
2571,0.0
2572,0.0
2573,0.0
2574,0.0
2575,1.0
2576,0.70548356
2577,0.0
2578,1.0
2579,0.954166776611111
2580,0.7647746553333333
2581,0.7746811496111111
2582,0.9805686653333333
2583,0.9195635596666667
2584,0.0
2585,0.8289542011666666
2586,0.762609691
2587,0.0
2588,0.9634072841666667
2589,0.9468027818395063
2590,0.8680348101666666
2591,0.0
2592,0.7973362126666667
2593,1.0
2594,0.6242579726666667
2595,0.9647696827567156
2596,0.907513748
2597,1.0
2598,1.0
2599,0.0
2600,0.9025972929999999
2601,1.0
2602,1.0
2603,0.0
2604,0.6683495457222222
2605,0.8769051729999999
2606,0.978819380952381
2607,0.9151347169999999
2608,0.0
2609,0.0
2610,0.0
2611,1.0
2612,0.8072891550555555
2613,1.0
2614,1.0
2615,1.0
2616,0.0
2617,0.0
2618,1.0
2619,1.0
2620,0.0
2621,0.0
2622,1.0
2623,1.0
2624,1.0
2625,0.7745329343333334
2626,1.0
2627,0.0
2628,0.7769380392222223
2629,1.0
2630,0.0
2631,0.0
2632,0.0
2633,0.6817470301666667
2634,0.0
2635,0.0
2636,0.7424178582500001
2637,0.0
2638,0.0
2639,0.0
2640,0.0
2641,0.0
2642,0.0
2643,0.7893345113333333
2644,0.0
2645,0.0
2646,0.6822693540117702
2647,0.9896963648611111
2648,0.9652395859999999
2649,0.9513632145570057
2650,0.9618234333658884
2651,1.0
2652,0.7698763987999999
2653,0.0
2654,1.0
2655,1.0
2656,0.4050990055
2657,0.9470946577647199
2658,0.9186560461409203
2659,0.8537371887300601
2660,0.685697624
2661,0.7316533106666667
2662,0.0
2663,0.9342403897464352
2664,0.8425513893684445
2665,1.0
2666,0.7112121291666667
2667,1.0
2668,1.0
2669,0.9203728492411514
2670,0.0
2671,0.956478289425224
2672,0.0
2673,0.0
2674,0.9162206021111111
2675,0.7847017167222222
2676,0.0
2677,0.905386833888889
2678,0.8746730436296296
2679,1.0
2680,0.8067952422222223
2681,0.0
2682,0.8257359661111111
2683,0.4256219856666667
2684,1.0
2685,1.0
2686,0.0
2687,0.0
2688,1.0
2689,0.6398400243333333
2690,0.6368332363096472
2691,0.0
2692,0.0
2693,0.0
2694,0.0
2695,0.0
2696,0.0
2697,0.0
2698,0.0
2699,1.0
2700,0.9970872816666666
2701,0.978819380952381
2702,1.0
2703,0.9398075367901235
2704,1.0
2705,0.6584857299595394
2706,0.0
2707,0.9951418587301587
2708,0.9998049521604938
2709,0.5211977175
2710,1.0
2711,0.0
2712,1.0
2713,1.0
2714,1.0
2715,1.0
2716,1.0
2717,1.0
2718,0.0
2719,1.0
2720,1.0
2721,1.0
2722,0.6530124933333333
2723,0.8141242285581106
2724,0.9734662205648781
2725,0.0
2726,0.913429772375
2727,0.9535246788550513
2728,1.0
2729,0.0
2730,1.0
2731,0.0
2732,1.0
2733,0.0
2734,0.0
2735,1.0
2736,0.8850309269173442
2737,0.923868271641414
2738,0.9724555423012579
2739,0.689132669284188
2740,0.960959977962963
2741,0.911596779962963
2742,0.9677968649386418
2743,0.5679618173320707
2744,1.0
2745,0.8137075624603174
2746,1.0
2747,0.6718189566528685
2748,1.0
2749,1.0
2750,0.7781482092314814
2751,0.8930727583671946
2752,0.9443776349009045
2753,0.9383601591111111
2754,1.0
2755,1.0
2756,0.0
2757,0.0
2758,1.0
2759,0.0
2760,0.9831072516049382
2761,0.0
2762,0.9742243146191562
2763,0.938386309
2764,1.0
2765,0.6604783144444444
2766,1.0
2767,0.0
2768,1.0
2769,1.0
2770,1.0
2771,1.0
2772,0.9921713817792593
2773,1.0
2774,1.0
2775,0.8960238517712866
2776,0.989828031160194
2777,0.8052446312083333
2778,0.7985418069047618
2779,0.8402116896666666
2780,0.8517044398611112
2781,0.8993013193650793
2782,1.0
2783,0.7204209885833333
2784,0.971249015103881
2785,1.0
2786,1.0
2787,1.0
2788,0.0
2789,0.0
2790,0.7559378965833333
2791,1.0
2792,0.7663987517083333
2793,0.8379535733333333
2794,0.7743495727988399
2795,0.0
2796,0.0
2797,1.0
2798,1.0
2799,0.0
2800,0.7664599892777777
2801,0.0
2802,0.0
2803,0.0
2804,0.0
2805,0.0
2806,0.0
2807,0.0
2808,1.0
2809,0.0
2810,0.0
2811,0.0
2812,1.0
2813,1.0
2814,0.9510482035555555
2815,1.0
2816,0.8561366604444445
2817,0.8841793166111112
2818,0.6076575043333333
2819,0.9707513842777777
2820,0.852842786537037
2821,0.8516106619999999
2822,0.8746841530798977
2823,0.822411220040404
2824,1.0
2825,1.0
2826,1.0
2827,1.0
2828,0.0
2829,1.0
2830,1.0
2831,0.6727362386256613
2832,0.6663836717777778
2833,1.0
2834,0.7759317937916667
2835,0.0
2836,0.7179111693333333
2837,0.0
2838,0.0
2839,0.0
2840,1.0
2841,1.0
2842,1.0
2843,1.0
2844,1.0
2845,0.8596189114222222
2846,0.7425453222814814
2847,0.9278076596666666
2848,0.8774151430185185
2849,0.905386833888889
2850,0.6331397915555556
2851,0.9420413841481482
2852,0.0
2853,0.6793579997407407
2854,1.0
2855,0.0
2856,0.5762838845277778
2857,0.0
2858,0.0
2859,0.8772945053333333
2860,0.0
2861,0.8401970771666667
2862,0.0
2863,0.0
2864,0.6407896847111112
2865,1.0
2866,0.8120398944444444
2867,0.9855304474829085
2868,0.9419522508333333
2869,0.9884711480725153
2870,0.0
2871,1.0
2872,0.8965440066666667
2873,0.9172241017874395
2874,1.0
2875,1.0
2876,0.9965528395685151
2877,0.0
2878,0.933543098111111
2879,0.751030846971894
2880,0.9200536843333332
2881,0.73588937711484
2882,0.0
2883,0.0
2884,0.0
2885,0.8139661915
2886,0.5432924698888889
2887,1.0
2888,1.0
2889,0.8066099876666667
2890,0.21676514100000002
2891,1.0
2892,1.0
2893,0.0
2894,0.0
2895,0.0
2896,0.8725211387777778
2897,0.0
2898,0.7777915678333334
2899,0.0
2900,0.0
2901,0.0
2902,1.0
2903,0.0
2904,0.0
2905,0.0
2906,1.0
2907,0.8957045566666667
2908,1.0
2909,0.0
2910,0.80092836125
2911,1.0
2912,0.8050240399999999
2913,0.0
2914,0.0
2915,0.4586365480833333
2916,0.0
2917,0.0
2918,0.5595965874444444
2919,0.0
2920,0.0
2921,1.0
2922,0.8088049742000001
2923,0.574557887
2924,1.0
2925,0.0
2926,1.0
2927,1.0
2928,1.0
2929,1.0
2930,0.0
2931,0.7607390174141414
2932,0.6183697868333333
2933,1.0
2934,0.77975639825
2935,0.9553244790740741
2936,0.7973106717777778
2937,0.8750259596666667
2938,0.790142806585641
2939,0.0
2940,1.0
2941,0.0
2942,0.8549852236723983
2943,0.9589845681481481
2944,0.9935697645679012
2945,0.0
2946,0.7998663281851851
2947,0.0
2948,0.25683340083333334
2949,0.7497739286148147
2950,0.0
2951,1.0
2952,0.0
2953,0.0
2954,0.8323841614444445
2955,0.812526074888889
2956,0.6553788292592593
2957,1.0
2958,0.0
2959,0.9691805105540593
2960,0.0
2961,0.9229744012500001
2962,0.6193526240833334
2963,1.0
2964,0.8012717181709368
2965,0.9657977136938056
2966,0.0
2967,0.7918720557088124
2968,0.9541304261111111
2969,1.0
2970,1.0
2971,1.0
2972,0.6385149981851851
2973,1.0
2974,1.0
2975,0.9528468205464632
2976,1.0
2977,0.9921966527568143
2978,0.6178223995
2979,0.8816698729024239
2980,0.820569426
2981,0.0
2982,0.0
2983,0.0
2984,0.0
2985,0.9235971442592592
2986,0.9705802451488157
2987,0.8335615122962962
2988,0.842276364031746
2989,0.6228772874444445
2990,0.7898929254319614
2991,0.6423648564444444
2992,0.9766680308071022
2993,1.0
2994,0.0
2995,1.0
2996,1.0
2997,0.7754920295
2998,0.6678420998888889
2999,0.5161216817777777
3000,0.855480016
3001,0.0
3002,0.5162383746666667
3003,1.0
3004,1.0
3005,0.6515375314285714
3006,0.963606260042861
3007,1.0
3008,0.0
3009,0.0
3010,1.0
3011,0.0
3012,0.0
3013,1.0
3014,0.0
3015,0.0
3016,0.0
3017,1.0
3018,0.8715910087878788
3019,1.0
3020,1.0
3021,1.0
3022,0.9560648775085469
3023,1.0
3024,1.0
3025,0.9325293328499412
3026,0.5764383163333334
3027,0.6635937708333334
3028,0.7004949968924797
3029,0.8181075449554589
3030,0.6845633231821008
3031,0.9695632005616556
3032,0.6581645289904763
3033,0.9659567951111111
3034,0.8017927107888497
3035,0.6268381567777778
3036,0.9752398091666666
3037,0.8256046015238359
3038,1.0
3039,0.99589697
3040,0.9399956376631449
3041,0.9130748853487655
3042,1.0
3043,0.9295402725295214
3044,0.3759541635
3045,0.919217809
3046,0.8873617223396174
3047,0.4427942505
3048,0.9179721032341228
3049,0.6095862490833334
3050,0.8065802287134866
3051,0.8242260540555556
3052,0.8121474566443386
3053,0.39125226966666665
3054,0.813495656101098
3055,0.6356117224444444
3056,0.8958602463227677
3057,0.915466737701073
3058,0.914053481838271
3059,0.946377017969907
3060,0.8926421661487467
3061,0.7630918403663004
3062,0.9092683828070278
3063,1.0
3064,1.0
3065,1.0
3066,0.7092920848007734
3067,0.7661804479021773
3068,0.8098433962433534
3069,0.48865605416666663
3070,0.9364279368367746
3071,0.7397423987466334
3072,0.7056609501666666
3073,0.7816965288308817
3074,0.8771637568998457
3075,0.9783522771908016
3076,0.8368388621411965
3077,0.7766529018714176
3078,1.0
3079,0.89548980625
3080,1.0
3081,0.0
3082,0.0
3083,0.9350505273888889
3084,0.0
3085,0.9782253404166666
3086,1.0
3087,0.0
3088,0.9039764951666667
3089,0.0
3090,1.0
3091,0.95496310125
3092,0.9664389226666666
3093,1.0
3094,0.0
3095,0.9491161583333333
3096,0.0
3097,0.0
3098,0.9491161583333333
3099,0.0
3100,0.8748612370833333
3101,0.9829442830158731
3102,1.0
3103,1.0
3104,0.0
3105,0.818165353
3106,1.0
3107,0.8817879399722223
3108,0.9885731335312938
3109,0.9927255353333333
3110,1.0
3111,0.8817879399722223
3112,0.9521633074866575
3113,1.0
3114,0.8688083016666667
3115,0.8817879399722223
3116,1.0
3117,1.0
3118,0.8688083016666667
3119,1.0
3120,1.0
3121,1.0
3122,1.0
3123,0.0
3124,1.0
3125,1.0
3126,1.0
3127,1.0
3128,1.0
3129,0.7388438565833333
3130,1.0
3131,1.0
3132,1.0
3133,1.0
3134,1.0
3135,0.6559373476969822
3136,0.0
3137,1.0
3138,0.6579490298611111
3139,1.0
3140,1.0
3141,1.0
3142,0.8948788989074075
3143,1.0
3144,1.0
3145,0.9704402007458048
3146,1.0
3147,0.0
3148,1.0
3149,0.0
3150,0.0
3151,0.9159620906368197
3152,0.9696232958333333
3153,0.0
3154,0.8200856788425925
3155,0.9545207782995343
3156,1.0
3157,0.5647864663006699
3158,0.8695936106222222
3159,0.8650018957944893
3160,0.9243896129410952
3161,0.9573596381991508
3162,0.0
3163,0.0
3164,0.9395014888770508
3165,0.0
3166,0.0
3167,1.0
3168,0.9439347703277957
3169,1.0
3170,0.9250243946694444
3171,0.8086812820833333
3172,0.9773268727014534
3173,0.8244589913580246
3174,1.0
3175,0.9330327239930556
3176,0.5305287344444445
3177,1.0
3178,0.8341584271804433
3179,0.9668748257614704
3180,0.8436539389890201
3181,0.0
3182,0.9694775824113991
3183,1.0
3184,0.42544471766666664
3185,0.0
3186,0.6907174135925925
3187,1.0
3188,0.6267537781666667
3189,0.8541882038533251
3190,0.0
3191,0.0
3192,0.7386261703148147
3193,1.0
3194,0.5395935273333333
3195,0.49038021749999994
3196,0.0
3197,0.0
3198,0.7064276861904762
3199,0.6434368383333333
3200,0.6506706755535715
3201,0.0
3202,0.9465229790472575
3203,0.6730647486388889
3204,0.0
3205,0.9252504036666667
3206,0.6573404598333333
3207,1.0
3208,0.8439169517989089
3209,0.9735273636489192
3210,0.0
3211,0.0
3212,0.0
3213,0.9558212268489745
3214,1.0
3215,0.888520318284057
3216,0.9234647794166666
3217,0.9038198266118823
3218,0.9241705123333332
3219,0.0
3220,1.0
3221,0.7021803271111112
3222,0.0
3223,0.9955561615219944
3224,0.0
3225,0.0
3226,1.0
3227,0.8941836928849298
3228,1.0
3229,0.9051701954716526
3230,0.7542189451666667
3231,0.0
3232,0.0
3233,0.4405887111666667
3234,0.0
3235,0.0
3236,1.0
3237,1.0
3238,1.0
3239,0.0
3240,0.0
3241,1.0
3242,1.0
3243,0.0
3244,1.0
3245,0.8150152444562826
3246,0.9318099419545919
3247,0.42234763745867143
3248,0.923358020610776
3249,0.0
3250,0.6882842703986506
3251,0.4732511795
3252,1.0
3253,1.0
3254,0.8273712468201059
3255,0.8987188672962964
3256,0.6133029311252677
3257,0.6654836272685185
3258,0.6277783141702922
3259,0.0
3260,0.7092641188453838
3261,1.0
3262,0.8928704751053104
3263,0.0
3264,0.0
3265,1.0
3266,0.0
3267,0.0
3268,1.0
3269,1.0
3270,0.0
3271,0.0
3272,0.0
3273,0.0
3274,1.0
3275,1.0
3276,1.0
3277,1.0
3278,0.6617735976041667
3279,1.0
3280,0.0
3281,1.0
3282,1.0
3283,0.0
3284,0.0
3285,1.0
3286,1.0
3287,0.8437684696666667
3288,0.0
3289,0.6957119851666667
3290,0.0
3291,0.0
3292,1.0
3293,0.0
3294,0.0
3295,1.0
3296,1.0
3297,0.0
3298,1.0
3299,1.0
3300,0.0
3301,0.0
3302,0.0
3303,0.0
3304,0.0
3305,0.0
3306,0.0
3307,1.0
3308,1.0
3309,0.0
3310,0.0
3311,1.0
3312,0.9859673248087533
3313,0.0
3314,0.3944385561666667
3315,0.5395935273333333
3316,0.0
3317,1.0
3318,0.0
3319,0.9467550896577124
3320,1.0
3321,1.0
3322,1.0
3323,0.0
3324,0.0
3325,0.0
3326,0.0
3327,0.0
3328,0.93569104
3329,0.0
3330,1.0
3331,0.8449974437777777
3332,0.0
3333,1.0
3334,0.0
3335,0.9397697586492647
3336,0.8695936106222222
3337,0.6549770253333334
3338,1.0
3339,1.0
3340,1.0
3341,0.897930997
3342,1.0
3343,0.5925783119166667
3344,0.516921018
3345,0.0
3346,0.5645507831000001
3347,1.0
3348,0.7256902787916667
3349,0.838671299388889
3350,1.0
3351,0.894164694
3352,0.813955234
3353,1.0
3354,0.9780338827601686
3355,0.6587323345187946
3356,0.8166292179333334
3357,1.0
3358,1.0
3359,0.9750272376851852
3360,1.0
3361,0.0
3362,0.6573404598333333
3363,0.0
3364,0.7794995152268489
3365,1.0
3366,0.9645271215730958
3367,0.6271302998756992
3368,0.0
3369,1.0
3370,0.9705009971878861
3371,1.0
3372,0.6009066826232873
3373,1.0
3374,0.9449469606111112
3375,0.0
3376,0.5578651220185186
3377,0.9647322182515021
3378,1.0
3379,0.0
3380,0.0
3381,1.0
3382,1.0
3383,1.0
3384,0.0
3385,0.0
3386,0.0
3387,1.0
3388,0.0
3389,0.6617735976041667
3390,0.0
3391,0.0
3392,0.0
3393,1.0
3394,1.0
3395,0.7544526999629629
3396,0.8518424142324426
3397,0.6913522081002693
3398,0.9130112903580248
3399,1.0
3400,0.0
3401,0.7320112826666666
3402,0.0
3403,0.0
3404,0.0
3405,0.0
3406,0.0
3407,0.0
3408,0.0
3409,0.828091758
3410,1.0
3411,0.0
3412,0.0
3413,0.0
3414,0.0
3415,0.0
3416,1.0
3417,1.0
3418,0.0
3419,1.0
3420,1.0
3421,1.0
3422,0.0
3423,0.0
3424,0.7629855418306748
3425,0.4705689949474024
3426,0.9551757390718872
3427,0.8156467385884952
3428,0.0
3429,0.0
3430,0.0
3431,0.0
3432,0.0
3433,0.0
3434,0.0
3435,0.0
3436,0.9032217468686868
3437,0.6453529701262627
3438,0.0
3439,0.0
3440,0.0
3441,0.0
3442,0.0
3443,0.0
3444,0.0
3445,0.0
3446,0.0
3447,1.0
3448,0.0
3449,0.0
3450,0.0
3451,0.6171401160000001
3452,0.8863130367377944
3453,0.6509081515833334
3454,1.0
3455,0.0
3456,0.0
3457,1.0
3458,0.0
3459,0.9177198798425522
3460,0.0
3461,1.0
3462,0.6831456731666666
3463,1.0
3464,0.7172489956589706
3465,0.8914718037944663
3466,1.0
3467,1.0
3468,0.7435070467592593
3469,1.0
3470,1.0
3471,1.0
3472,0.0
3473,0.0
3474,0.5237187926111111
3475,0.9274537317407407
3476,1.0
3477,0.7978991846444444
3478,0.8675144498325164
3479,0.0
3480,0.9705281593122022
3481,1.0
3482,1.0
3483,0.9395774917132794
3484,0.6218583551111111
3485,0.0
3486,0.9546859284579794
3487,0.9959822924867067
3488,0.0
3489,1.0
3490,0.6258895109166667
3491,0.5612884388333333
3492,0.9736401387962963
3493,0.8582771910833333
3494,1.0
3495,0.6853061673333334
3496,0.6949454328667012
3497,0.0
3498,0.0
3499,0.0
3500,0.0
3501,0.8281469045000001
3502,0.0
3503,1.0
3504,1.0
3505,0.9722901854646976
3506,0.0
3507,0.6765556831666667
3508,0.880887642553288
3509,1.0
3510,0.0
3511,0.0
3512,1.0
3513,0.0
3514,0.0
3515,0.0
3516,0.9187222543703704
3517,0.8648151620833333
3518,0.0
3519,0.954166776611111
3520,0.7296303241666667
3521,0.0
3522,0.0
3523,0.0
3524,0.0
3525,1.0
3526,0.0
3527,1.0
3528,0.0
3529,1.0
3530,0.0
3531,1.0
3532,0.9570562123333334
3533,0.8376936375
3534,1.0
3535,0.9524900299242686
3536,0.9727107006666666
3537,0.9659187768800498
3538,0.8563037197330671
3539,1.0
3540,0.931279595480408
3541,0.9676145893840364
3542,0.9208541023333333
3543,0.0
3544,0.0
3545,0.0
3546,0.0
3547,0.0
3548,0.0
3549,0.0
3550,1.0
3551,1.0
3552,1.0
3553,0.0
3554,0.0
3555,0.0
3556,0.0
3557,0.0
3558,0.0
3559,0.0
3560,0.0
3561,0.0
3562,0.0
3563,0.0
3564,0.0
3565,0.0
3566,0.48762980366666664
3567,1.0
3568,0.0
3569,0.7062884568095238
3570,0.0
3571,0.0
3572,0.0
3573,0.0
3574,0.0
3575,0.0
3576,0.0
3577,0.0
3578,0.0
3579,0.0
3580,0.0
3581,0.9957645325850173
3582,0.0
3583,1.0
3584,0.0
3585,1.0
3586,0.7338679388333333
3587,0.0
3588,0.8119067672592593
3589,0.9445161295833333
3590,0.9915586657722271
3591,1.0
3592,1.0
3593,0.9444190368612047
3594,0.9900078331111111
3595,0.773661203
3596,0.8455858905263159
3597,0.6928180522129631
3598,0.8238509715277779
3599,1.0
3600,0.0
3601,0.8401828641481481
3602,0.9656591573333333
3603,0.0
3604,0.0
3605,0.0
3606,1.0
3607,1.0
3608,1.0
3609,0.0
3610,0.0
3611,0.0
3612,1.0
3613,1.0
3614,0.7630496826666667
3615,0.0
3616,1.0
3617,0.0
3618,1.0
3619,1.0
3620,0.8637338464085298
3621,0.8462779761756785
3622,0.9086959748888889
3623,0.8958762048368499
3624,1.0
3625,0.9930972616666667
3626,1.0
3627,0.8349672453022734
3628,0.0
3629,0.0
3630,1.0
3631,0.0
3632,0.0
3633,1.0
3634,0.0
3635,0.0
3636,1.0
3637,1.0
3638,1.0
3639,1.0
3640,0.0
3641,0.9918877503333333
3642,0.0
3643,0.0
3644,1.0
3645,0.0
3646,0.0
3647,0.0
3648,0.0
3649,1.0
3650,0.0
3651,1.0
3652,0.0
3653,0.998033384342702
3654,1.0
3655,0.0
3656,1.0
3657,1.0
3658,0.0
3659,0.7393383729648336
3660,0.8390299154019116
3661,0.9336488707053764
3662,0.90240786375
3663,1.0
3664,0.6959261925281403
3665,0.8568983305193011
3666,1.0
3667,0.0
3668,0.8980378482592593
3669,0.9324295120425999
3670,0.0
3671,0.8635374785811293
3672,0.8745239352222223
3673,0.772909858642359
3674,0.6379705208225109
3675,0.9657611306769791
3676,0.898319686462488
3677,0.8589709733333333
3678,1.0
3679,1.0
3680,0.0
3681,1.0
3682,1.0
3683,1.0
3684,0.92203402575
3685,0.8346252354166667
3686,1.0
3687,1.0
3688,0.0
3689,0.0
3690,0.0
3691,0.0
3692,0.9364263397095044
3693,0.9492079487144074
3694,1.0
3695,0.0
3696,0.0
3697,0.0
3698,0.0
3699,0.0
3700,0.7095827856666667
3701,0.0
3702,0.8644001717037036
3703,0.8503957448888889
3704,1.0
3705,0.0
3706,0.657602086
3707,0.0
3708,0.858973387574074
3709,0.0
3710,0.0
3711,0.9818190229035748
3712,0.0
3713,0.8741763517022305
3714,0.41736709433333335
3715,1.0
3716,1.0
3717,1.0
3718,0.9669978760416666
3719,0.0
3720,1.0
3721,1.0
3722,1.0
3723,0.6599635656204682
3724,0.7650769040305011
3725,0.8966799964444444
3726,1.0
3727,0.9972603575128
3728,0.0
3729,0.635760368111111
3730,0.7222434026820989
3731,0.0
3732,1.0
3733,0.9078568164444444
3734,0.8491803829490859
3735,1.0
3736,0.6764870719626344
3737,0.8710483609523809
3738,0.96708503231821
3739,0.9893653677232236
3740,0.9986826306391626
3741,0.0
3742,1.0
3743,0.7467899126388888
3744,0.0
3745,0.9010461150818313
3746,0.0
3747,0.0
3748,0.0
3749,1.0
3750,0.9344684412765002
3751,0.992454027668439
3752,0.9149735905555555
3753,0.7799442102564104
3754,0.8762818333148147
3755,0.7875229099786325
3756,0.8613355375070029
3757,0.8625136172895623
3758,1.0
3759,0.0
3760,0.0
3761,1.0
3762,0.0
3763,0.0
3764,0.0
3765,1.0
3766,0.0
3767,0.7828874522777778
3768,0.0
3769,0.6088859750833333
3770,0.8527265599060838
3771,0.78578908075
3772,0.781082758
3773,0.6587098854166666
3774,1.0
3775,0.5316287102407408
3776,0.8854695435
3777,0.0
3778,1.0
3779,1.0
3780,0.9748407735925927
3781,0.7370444532859147
3782,0.0
3783,0.0
3784,0.0
3785,0.0
3786,0.9081455170568331
3787,0.0
3788,1.0
3789,0.0
3790,0.9780635713580247
3791,1.0
3792,1.0
3793,1.0
3794,1.0
3795,1.0
3796,1.0
3797,0.9943849359259259
3798,1.0
3799,0.8802225065555556
3800,1.0
3801,1.0
3802,0.0
3803,1.0
3804,1.0
3805,0.9919279180833334
3806,0.0
3807,0.8865520219444445
3808,0.6671314263333332
3809,0.0
3810,0.705972155
3811,1.0
3812,0.9935719045555556
3813,1.0
3814,1.0
3815,1.0
3816,1.0
3817,1.0
3818,1.0
3819,0.926949405686762
3820,0.0
3821,0.0
3822,0.0
3823,0.8211762830833333
3824,0.0
3825,0.8245915740165275
3826,1.0
3827,1.0
3828,1.0
3829,1.0
3830,1.0
3831,1.0
3832,1.0
3833,0.0
3834,0.0
3835,1.0
3836,0.0
3837,0.9543291306476825
3838,0.7389270968855742
3839,0.0
3840,1.0
3841,0.0
3842,1.0
3843,1.0
3844,0.8700205437777778
3845,1.0
3846,0.0
3847,0.0
3848,1.0
3849,0.9809169568475452
3850,0.7099932450555556
3851,1.0
3852,0.0
3853,0.9159882938776919
3854,1.0
3855,1.0
3856,0.9286332906528861
3857,0.0
3858,0.0
3859,0.8284186761388889
3860,0.9658903813617844
3861,0.6920369484151646
3862,1.0
3863,1.0
3864,1.0
3865,0.0
3866,0.0
3867,1.0
3868,0.0
3869,0.0
3870,0.0
3871,0.0
3872,0.0
3873,0.0
3874,0.9664657281955665
3875,0.0
3876,0.0
3877,1.0
3878,0.573916640149161
3879,0.0
3880,1.0
3881,0.0
3882,0.9319002779166666
3883,0.7915682684444445
3884,0.8012547186111111
3885,1.0
3886,1.0
3887,0.0
3888,0.0
3889,1.0
3890,0.7507698248333334
3891,0.0
3892,1.0
3893,0.9386189808086421
3894,1.0
3895,0.0
3896,1.0
3897,0.0
3898,0.0
3899,1.0
3900,0.0
3901,0.9495553888346308
3902,0.0
3903,0.0
3904,0.91557303
3905,0.0
3906,0.0
3907,0.0
3908,0.6844484451388889
3909,0.8518391426388888
3910,0.0
3911,0.0
3912,0.0
3913,0.0
3914,0.0
3915,0.0
3916,0.0
3917,0.0
3918,0.0
3919,0.0
3920,0.6501767558333333
3921,0.0
3922,0.0
3923,0.0
3924,0.0
3925,0.0
3926,0.0
3927,0.8069819775
3928,0.0
3929,0.0
3930,0.7194380240833333
3931,0.0
3932,0.0
3933,0.0
3934,0.9888439818754549
3935,0.9448597517777778
3936,1.0
3937,1.0
3938,0.0
3939,0.0
3940,0.0
3941,1.0
3942,0.9799113449166668
3943,1.0
3944,0.9793238846405229
3945,0.0
3946,0.7247662043597357
3947,0.9437498031903874
3948,0.8182293941759259
3949,0.8292591916666666
3950,0.937627935
3951,0.7931449183758028
3952,0.0
3953,0.9386443985370371
3954,0.7737417407292313
3955,0.0
3956,0.8827611550000001
3957,0.8428144342962963
3958,0.0
3959,0.9157886029259258
3960,0.0
3961,1.0
3962,0.9540259888819832
3963,0.8962420737518126
3964,0.0
3965,0.6981451225555556
3966,0.0
3967,0.8797813215421195
3968,0.4842680258960016
3969,0.888276608
3970,0.9812280931666667
3971,0.0
3972,0.6214660205
3973,0.0
3974,0.0
3975,0.0
3976,0.0
3977,0.9600795682222222
3978,0.0
3979,1.0
3980,0.9822519776258545
3981,0.7173784780609073
3982,1.0
3983,0.0
3984,0.9481629884444445
3985,0.9746109401728372
3986,1.0
3987,0.0
3988,0.0
3989,1.0
3990,0.9589956653086419
3991,0.721762374974104
3992,1.0
3993,0.9532703875308641
3994,0.0
3995,0.6549693158276362
3996,0.8518424142324426
3997,0.0
3998,1.0
3999,1.0
4000,1.0
4001,1.0
4002,0.0
4003,1.0
4004,0.0
4005,1.0
4006,0.0
4007,0.39970688883333333
4008,0.0
4009,0.0
4010,0.0
4011,0.9531576155
4012,1.0
4013,0.7630812279166667
4014,1.0
4015,1.0
4016,0.7525802486430495
4017,0.6844484451388889
4018,0.8644001717037036
4019,0.7896322967592594
4020,0.7277124295
4021,0.0
4022,1.0
4023,0.6887467295421587
4024,0.0
4025,0.6828324379854062
4026,0.0
4027,1.0
4028,0.0
4029,0.0
4030,0.0
4031,0.0
4032,0.7551352776944444
4033,1.0
4034,0.9022434180555555
4035,1.0
4036,0.8043554957037037
4037,0.7783714730336303
4038,0.9599900770555555
4039,0.8126662419722394
4040,0.6483616928783068
4041,0.9022434180555555
4042,0.0
4043,1.0
4044,1.0
4045,1.0
4046,1.0
4047,0.0
4048,0.0
4049,0.6698002135555555
4050,0.840337287142857
4051,0.0
4052,1.0
4053,0.0
4054,0.7443531530833334
4055,0.0
4056,0.0
4057,0.7010573579166666
4058,0.0
4059,0.0
4060,0.0
4061,0.9710251575340102
4062,0.0
4063,0.4742844649886057
4064,0.5096857944893308
4065,0.9252693629700856
4066,0.9227095826851852
4067,0.0
4068,0.9818190229035748
4069,0.9741946533428821
4070,1.0
4071,0.9733226811143837
4072,0.8445179406944445
4073,0.0
4074,0.0
4075,0.980573786570909
4076,1.0
4077,0.9021843048611111
4078,0.0
4079,1.0
4080,0.0
4081,1.0
4082,1.0
4083,0.8095557748969031
4084,1.0
4085,0.6585275481944444
4086,0.0
4087,0.0
4088,1.0
4089,0.9929701837980075
4090,1.0
4091,1.0
4092,0.0
4093,0.0
4094,1.0
4095,1.0
4096,0.8745972425
4097,0.0
4098,1.0
4099,1.0
4100,0.0
4101,0.0
4102,0.0
4103,1.0
4104,1.0
4105,1.0
4106,0.0
4107,0.0
4108,0.7913190576648103
4109,0.7567006547890339
4110,1.0
4111,1.0
4112,0.0
4113,0.0
4114,1.0
4115,1.0
4116,1.0
4117,0.8550545533146682
4118,1.0
4119,0.0
4120,0.0
4121,0.0
4122,0.0
4123,0.6439266321666667
4124,0.8262319471428571
4125,0.8806571281111112
4126,0.6818579756666666
4127,0.0
4128,0.7859288106944444
4129,0.0
4130,0.0
4131,1.0
4132,0.0
4133,0.0
4134,1.0
4135,0.0
4136,1.0
4137,1.0
4138,1.0
4139,1.0
4140,1.0
4141,0.5579024966666666
4142,0.0
4143,1.0
4144,1.0
4145,0.0
4146,1.0
4147,0.0
4148,0.8620858918333333
4149,1.0
4150,0.0
4151,1.0
4152,0.9165405836666667
4153,0.9863763386978635
4154,0.7662386607424985
4155,1.0
4156,0.8471510852447048
4157,0.7941648556599327
4158,0.9269002075646614
4159,0.8828793025343553
4160,0.8087986650982043
4161,0.9084826287116402
4162,0.8243691552724259
4163,0.9666700265797915
4164,0.7520308361577239
4165,0.9787610567169974
4166,0.8492435643671018
4167,0.0
4168,0.0
4169,0.0
4170,0.0
4171,0.8169027937037038
4172,1.0
4173,0.0
4174,0.0
4175,1.0
4176,0.0
4177,1.0
4178,0.0
4179,0.0
4180,0.8218004824444445
4181,0.9900181645555556
4182,0.8245585822222222
4183,0.9734388446666666
4184,1.0
4185,0.8604304242948718
4186,1.0
4187,1.0
4188,1.0
4189,0.788764872824074
4190,0.0
4191,0.0
4192,0.0
4193,0.0
4194,0.8446027943477935
4195,0.0
4196,1.0
4197,0.9608530170568331
4198,0.9252504036666667
4199,1.0
4200,0.6567838373333333
4201,0.0
4202,0.0
4203,0.0
4204,0.0
4205,0.0
4206,0.0
4207,1.0
4208,0.9252504036666667
4209,0.0
4210,0.0
4211,0.0
4212,1.0
4213,0.9484548287728026
4214,0.0
4215,0.9259740780808081
4216,0.0
4217,0.9490722282291667
4218,0.0
4219,0.0
4220,0.9995450071881024
4221,0.6844484451388889
4222,0.3382716397777778
4223,0.6814379747222222
4224,0.39346182066666663
4225,0.35723352891666665
4226,0.9198509785
4227,0.0
4228,0.6844484451388889
4229,0.8503957448888889
4230,0.0
4231,0.5361131714722223
4232,1.0
4233,0.0
4234,0.0
4235,0.0
4236,0.8042126416666666
4237,1.0
4238,0.0
4239,0.8521199591666666
4240,0.5212248768395062
4241,1.0
4242,0.0
4243,0.8208200090000001
4244,1.0
4245,1.0
4246,0.8316166683333333
4247,0.0
4248,0.9438307629701974
4249,0.7767456506481482
4250,0.0
4251,1.0
4252,0.8373571483333334
4253,0.78661101
4254,1.0
4255,0.0
4256,1.0
4257,0.8466051952222222
4258,0.8439547415042735
4259,1.0
4260,0.9350053416874659
4261,0.9876979129740886
4262,0.8779717465578868
4263,0.0
4264,0.0
4265,0.0
4266,0.9895806805050505
4267,0.8277192325925925
4268,0.9128856638583639
4269,0.0
4270,0.0
4271,1.0
4272,0.6915367113459014
4273,0.9154906079038433
4274,0.8241024784166666
4275,0.8136583055866308
4276,0.5828124211064744
4277,0.9156254194047619
4278,1.0
4279,0.7086345403361345
4280,0.9115749476900765
4281,0.9595351840342518
4282,0.7771512735653615
4283,0.0
4284,1.0
4285,0.0
4286,1.0
4287,0.5231369588888889
4288,1.0
4289,1.0
4290,1.0
4291,1.0
4292,1.0
4293,0.9175544475925926
4294,0.9791413397037037
4295,0.9826320406666667
4296,0.0
4297,0.0
4298,0.7352829026666667
4299,0.0
4300,0.8171125905833333
4301,0.932597249037037
4302,0.7762596503535354
4303,0.9485883770370371
4304,0.9556281025
4305,0.7921070143333334
4306,1.0
4307,0.0
4308,0.0
4309,1.0
4310,1.0
4311,0.9451856830218857
4312,0.8461473282565296
4313,0.0
4314,0.9131880735424837
4315,0.0
4316,1.0
4317,1.0
4318,0.8565955074126984
4319,0.7361470172592592
4320,1.0
4321,0.0
4322,0.0
4323,0.9221210531851852
4324,1.0
4325,0.0
4326,0.7217539936635354
4327,0.9442124716071428
4328,0.6566141856666667
4329,0.7401955753333334
4330,1.0
4331,0.8717077277592592
4332,0.7938092736269842
4333,0.508169486
4334,0.8165688265
4335,0.9190345258888888
4336,0.0
4337,0.0
4338,1.0
4339,0.0
4340,0.9901406250793651
4341,0.9483195245839374
4342,0.0
4343,1.0
4344,0.9794635447222223
4345,0.9757800519047618
4346,0.0
4347,1.0
4348,0.7829744388518519
4349,1.0
4350,0.9984619829166667
4351,0.6288785205886244
4352,0.9238206349629628
4353,0.8940487827407407
4354,0.6653768403777778
4355,1.0
4356,0.90548182
4357,0.91329462725
4358,0.4975195823333333
4359,0.7911283181111111
4360,0.8181180183333334
4361,0.7001335585666666
4362,0.7682950935185184
4363,0.8663609578318926
4364,0.5745898315462963
4365,0.8090173317795732
4366,0.6979682731814815
4367,0.5459983184166666
4368,0.0
4369,0.6884538929666666
4370,0.9326575151111111
4371,0.6707843991666667
4372,0.8794317366851852
4373,0.7670806536666667
4374,0.6192615567555556
4375,0.9177011137777779
4376,0.6991815431111111
4377,0.9065938981388889
4378,0.762611860021237
4379,0.7330566983703704
4380,0.896405720851852
4381,0.8829358567757937
4382,0.47586666457407406
4383,0.5634572545277777
4384,0.4376765790166667
4385,0.8518760967407407
4386,0.9007595530761163
4387,0.7348206649111111
4388,0.7888355824444444
4389,0.90187763280756
4390,0.8067166042666667
4391,0.7325605731250001
4392,0.6606656191666667
4393,0.6162502630976431
4394,0.7994154734583334
4395,0.7274390188888888
4396,0.7525355453333333
4397,0.7924216345
4398,0.888023398925926
4399,0.7138375358333333
4400,0.5409152946666667
4401,0.7112121291666667
4402,0.7262815497777778
4403,0.58821642975
4404,0.510549122
4405,0.8751601155277777
4406,0.3759541635
4407,0.8459488025
4408,0.8021174028333333
4409,0.9414208771111111
4410,0.8416780604074074
4411,1.0
4412,0.7986282654444444
4413,0.0
4414,1.0
4415,0.8031526751666667
4416,0.8362172609158249
4417,0.768390832
4418,0.9937689038095238
4419,0.8181075449554589
4420,0.9488680420781254
4421,0.0
4422,0.8181075449554589
4423,0.9896639020785857
4424,0.9903873966666666
4425,0.7768775659484841
4426,0.6171136451481481
4427,0.5764383163333334
4428,0.25226621483333334
4429,0.7094588042592593
4430,0.8007914093888889
4431,0.9397504718518519
4432,1.0
4433,0.8644268824074075
4434,1.0
4435,0.7112121291666667
4436,0.9484086944444444
4437,0.6315554429382716
4438,0.8189199044166666
4439,0.6251154303587508
4440,0.8025493999444444
4441,0.9134906521188685
4442,0.9442403134814814
4443,0.8815321661137566
4444,1.0
4445,0.7670806536666667
4446,0.8663092262592592
4447,0.6932480766999999
4448,0.8530653784814813
4449,0.8811173800151924
4450,0.8818173724444444
4451,0.8238573935752805
4452,0.8217921673055555
4453,0.9200792578703704
4454,0.7189837761666666
4455,0.6909762182555556
4456,1.0
4457,0.7716038540666668
4458,0.8395405143333333
4459,0.9671028655833334
4460,0.7727987001633986
4461,1.0
4462,0.9605089362098767
4463,1.0
4464,0.9544639306944444
4465,0.0
4466,1.0
4467,0.0
